{
    "answers": {
        "phase": "testing",
        "action":  "performance testing", 
        "scope":  "backend", 
        "action experience": 4,
        "language": "n/a", 
        "other language": "n/a",
        "aimodel": "chatgpt",
        "aimodel version": "v4",
        "open source aimodel": "n/a",
        "tool option":  "online full",
        "experience with tool":  4,
        "time allocated (h)": "2",
        "time saved estimate (h)": "5", 
        "quality of ai help": 3,
        "knowledge acquired": 4,
        "generic feeling - now": 3, 
        "generic feeling - future": 3, 
        "threat level":  1, 
        "notes": ""
    }
}