{
    "answers": {
        "phase": "requirements specification",
        "action": "use case specification",
        "scope": "uml sequence",
        "action experience": 4,
        "language":  "n/a",
        "aimodel": "chatgpt",
        "aimodel version": "v2",
        "tool option": "online free",
        "experience with tool": 5,
        "time allocated (h)": "0.08",
        "time saved estimate (h)": "0.5",
        "quality of ai help": 5,
        "knowledge acquired": 5,
        "generic feeling - now": 5,
        "generic feeling - future": 5,
        "threat level": 0,
        "notes": "Η συνομιλία μας βοήθησε να κατανοήσουμε τι είναι τα διαγράμματα αλληλουχίας (Sequence) και Activity στο UML, καθώς και τις βασικές διαφορές μεταξύ τους. Παρουσιάστηκαν απλά παραδείγματα και θεωρία που διευκρινισαν τη χρήση τους, δίνοντας έμφαση στις αλληλεπιδράσεις και στη ροή των διαδικασιών αντίστοιχα."
    }
}
