{
    "answers": {
        "phase": "design",
        "action": "non-functional requirements",
        "scope": "uml other",
        "action experience": 5,
        "language": "n/a",
        "other language": "n/a",
        "aimodel": "chatgpt",
        "aimodel version": "v4",
        "open source aimodel": "n/a",
        "tool option": "online full",
        "experience with tool": 4,
        "time allocated (h)": "0.1",
        "time saved estimate (h)": "0.5", 
        "quality of ai help": 4,
        "knowledge acquired": 2,
        "generic feeling - now": 3,
        "generic feeling - future": 4,
        "threat level": 1,
        "notes": ""
    }
}