{
    "answers": {
        "phase": "requirements specification",
        "action": "use case specification",
        "scope": "uml activity",
        "action experience": 4,
        "language": "n/a",
        "other language": "n/a",
        "aimodel": "chatgpt",
        "aimodel version": "4.0",
        "open source aimodel": "n/a",
        "tool option": "online free",
        "experience with tool": 5,
        "time allocated (h)": "0.1",
        "time saved estimate (h)": "0.5",
        "quality of ai help": 5,
        "knowledge acquired": 4,
        "generic feeling - now": 3,
        "generic feeling - future": 3,
        "threat level": 1,
        "notes": "Βοήθησε στην καλύτερη κατανόηση για συμπλήρωση του SRS όσο αναφορά τις προϋποθέσεις και συνθήκες εγκυρότητας."
    }
}
