/*M!999999\- enable the sandbox mode */ 
-- MariaDB dump 10.19  Distrib 10.11.10-MariaDB, for Linux (x86_64)
--
-- Host: 127.0.0.1    Database: softEng
-- ------------------------------------------------------
-- Server version	10.11.10-MariaDB

/*!40101 SET @OLD_CHARACTER_SET_CLIENT=@@CHARACTER_SET_CLIENT */;
/*!40101 SET @OLD_CHARACTER_SET_RESULTS=@@CHARACTER_SET_RESULTS */;
/*!40101 SET @OLD_COLLATION_CONNECTION=@@COLLATION_CONNECTION */;
/*!40101 SET NAMES utf8 */;
/*!40103 SET @OLD_TIME_ZONE=@@TIME_ZONE */;
/*!40103 SET TIME_ZONE='+00:00' */;
/*!40014 SET @OLD_UNIQUE_CHECKS=@@UNIQUE_CHECKS, UNIQUE_CHECKS=0 */;
/*!40014 SET @OLD_FOREIGN_KEY_CHECKS=@@FOREIGN_KEY_CHECKS, FOREIGN_KEY_CHECKS=0 */;
/*!40101 SET @OLD_SQL_MODE=@@SQL_MODE, SQL_MODE='NO_AUTO_VALUE_ON_ZERO' */;
/*!40111 SET @OLD_SQL_NOTES=@@SQL_NOTES, SQL_NOTES=0 */;

--
-- Table structure for table `driver`
--

DROP TABLE IF EXISTS `driver`;
/*!40101 SET @saved_cs_client     = @@character_set_client */;
/*!40101 SET character_set_client = utf8 */;
CREATE TABLE `driver` (
  `tagRef` varchar(20) NOT NULL,
  `tagHomeId` varchar(45) DEFAULT NULL,
  PRIMARY KEY (`tagRef`),
  KEY `fk_driver_1_idx` (`tagHomeId`),
  CONSTRAINT `fk_driver_1` FOREIGN KEY (`tagHomeId`) REFERENCES `tollCompanies` (`opId`) ON DELETE NO ACTION ON UPDATE NO ACTION,
  CONSTRAINT `fk_driver_2` FOREIGN KEY (`tagRef`) REFERENCES `passes` (`tagRef`) ON DELETE NO ACTION ON UPDATE NO ACTION
) ENGINE=InnoDB DEFAULT CHARSET=utf8mb4 COLLATE=utf8mb4_unicode_ci;
/*!40101 SET character_set_client = @saved_cs_client */;

--
-- Dumping data for table `driver`
--

LOCK TABLES `driver` WRITE;
/*!40000 ALTER TABLE `driver` DISABLE KEYS */;
/*!40000 ALTER TABLE `driver` ENABLE KEYS */;
UNLOCK TABLES;

--
-- Table structure for table `passes`
--

DROP TABLE IF EXISTS `passes`;
/*!40101 SET @saved_cs_client     = @@character_set_client */;
/*!40101 SET character_set_client = utf8 */;
CREATE TABLE `passes` (
  `timestamp` datetime NOT NULL,
  `tollId` varchar(45) NOT NULL,
  `tagRef` varchar(45) NOT NULL,
  `tagHomeId` varchar(45) NOT NULL,
  `charge` double NOT NULL,
  `passID` int(11) NOT NULL AUTO_INCREMENT,
  PRIMARY KEY (`passID`),
  KEY `fk_passes_1_idx` (`tollId`),
  KEY `fk_passes_2_idx` (`tagHomeId`),
  KEY `idx_passes_tagRef` (`tagRef`),
  CONSTRAINT `fk_passes_1` FOREIGN KEY (`tollId`) REFERENCES `tollStations` (`tollId`) ON DELETE NO ACTION ON UPDATE NO ACTION,
  CONSTRAINT `fk_passes_2` FOREIGN KEY (`tagHomeId`) REFERENCES `tollCompanies` (`opId`) ON DELETE NO ACTION ON UPDATE NO ACTION
) ENGINE=InnoDB AUTO_INCREMENT=4162 DEFAULT CHARSET=utf8mb4 COLLATE=utf8mb4_unicode_ci;
/*!40101 SET character_set_client = @saved_cs_client */;

--
-- Dumping data for table `passes`
--

LOCK TABLES `passes` WRITE;
/*!40000 ALTER TABLE `passes` DISABLE KEYS */;
/*!40000 ALTER TABLE `passes` ENABLE KEYS */;
UNLOCK TABLES;
/*!50003 SET @saved_cs_client      = @@character_set_client */ ;
/*!50003 SET @saved_cs_results     = @@character_set_results */ ;
/*!50003 SET @saved_col_connection = @@collation_connection */ ;
/*!50003 SET character_set_client  = utf8mb4 */ ;
/*!50003 SET character_set_results = utf8mb4 */ ;
/*!50003 SET collation_connection  = utf8mb4_general_ci */ ;
/*!50003 SET @saved_sql_mode       = @@sql_mode */ ;
/*!50003 SET sql_mode              = 'STRICT_TRANS_TABLES,ERROR_FOR_DIVISION_BY_ZERO,NO_AUTO_CREATE_USER,NO_ENGINE_SUBSTITUTION' */ ;
DELIMITER ;;
/*!50003 CREATE*/ /*!50017 DEFINER=`softEng`@`%`*/ /*!50003 TRIGGER `softEng`.`passes_AFTER_INSERT` AFTER INSERT ON `passes` FOR EACH ROW
BEGIN
    -- Insert into drivers table if the tagRef does not already exist
    IF (SELECT COUNT(*) FROM driver WHERE tagRef = NEW.tagRef) = 0 THEN
        INSERT INTO driver (tagRef, tagHomeID)
        VALUES (NEW.tagRef, NEW.tagHomeID);
    END IF;

END */;;
DELIMITER ;
/*!50003 SET sql_mode              = @saved_sql_mode */ ;
/*!50003 SET character_set_client  = @saved_cs_client */ ;
/*!50003 SET character_set_results = @saved_cs_results */ ;
/*!50003 SET collation_connection  = @saved_col_connection */ ;

--
-- Table structure for table `tollCompanies`
--

DROP TABLE IF EXISTS `tollCompanies`;
/*!40101 SET @saved_cs_client     = @@character_set_client */;
/*!40101 SET character_set_client = utf8 */;
CREATE TABLE `tollCompanies` (
  `opId` varchar(10) NOT NULL,
  `operator` varchar(100) DEFAULT NULL,
  PRIMARY KEY (`opId`),
  UNIQUE KEY `opId_UNIQUE` (`opId`)
) ENGINE=InnoDB DEFAULT CHARSET=utf8mb4 COLLATE=utf8mb4_unicode_ci;
/*!40101 SET character_set_client = @saved_cs_client */;

--
-- Dumping data for table `tollCompanies`
--

LOCK TABLES `tollCompanies` WRITE;
/*!40000 ALTER TABLE `tollCompanies` DISABLE KEYS */;
INSERT INTO `tollCompanies` VALUES
('AM','aegeanmotorway'),
('EG','egnatia'),
('GE','gefyra'),
('KO','kentrikiodos'),
('MO','moreas'),
('NAO','naodos'),
('NO','neaodos'),
('OO','olympiaodos');
/*!40000 ALTER TABLE `tollCompanies` ENABLE KEYS */;
UNLOCK TABLES;

--
-- Table structure for table `tollStations`
--

DROP TABLE IF EXISTS `tollStations`;
/*!40101 SET @saved_cs_client     = @@character_set_client */;
/*!40101 SET character_set_client = utf8 */;
CREATE TABLE `tollStations` (
  `opId` varchar(10) NOT NULL,
  `operator` varchar(100) NOT NULL,
  `tollId` varchar(10) NOT NULL,
  `name` varchar(255) NOT NULL,
  `pm` varchar(10) DEFAULT NULL,
  `locality` varchar(100) DEFAULT NULL,
  `road` varchar(255) DEFAULT NULL,
  `lat` decimal(9,6) DEFAULT NULL,
  `longitude` decimal(9,6) DEFAULT NULL,
  `email` varchar(100) DEFAULT NULL,
  `price1` decimal(5,2) DEFAULT NULL,
  `price2` decimal(5,2) DEFAULT NULL,
  `price3` decimal(5,2) DEFAULT NULL,
  `price4` decimal(5,2) DEFAULT NULL,
  PRIMARY KEY (`tollId`),
  KEY `fk_tollStations_1_idx` (`opId`),
  CONSTRAINT `fk_tollStations_1` FOREIGN KEY (`opId`) REFERENCES `tollCompanies` (`opId`) ON DELETE NO ACTION ON UPDATE NO ACTION
) ENGINE=InnoDB DEFAULT CHARSET=utf8mb4 COLLATE=utf8mb4_unicode_ci;
/*!40101 SET character_set_client = @saved_cs_client */;

--
-- Dumping data for table `tollStations`
--

LOCK TABLES `tollStations` WRITE;
/*!40000 ALTER TABLE `tollStations` DISABLE KEYS */;
INSERT INTO `tollStations` VALUES
('AM','aegeanmotorway','AM01','Σταθμός Διοδίων Κλειδίου Μετωπικά (Προς Αθήνα)','ΜΤ','Ημαθίας-Κλειδί','Α/Δ Αθηνών-Θεσσαλονίκης',40.519740,22.572470,'customercare@aegeanmotorway.gr',1.40,2.00,5.90,8.30),
('AM','aegeanmotorway','AM02','Σταθμός Διοδίων Κλειδίου Μετωπικά (Προς Θεσσαλονίκη)','ΜΤ','Ημαθίας-Κλειδί','Α/Δ Αθηνών-Θεσσαλονίκης',40.519430,22.572900,'customercare@aegeanmotorway.gr',1.40,2.00,5.90,8.30),
('AM','aegeanmotorway','AM03','Σταθμός Διοδίων Μακρυχωρίου Μετωπικά (Προς Αθήνα)','ΜΤ','Λάρισας-Μακρυχώρι','Α/Δ Αθηνών-Θεσσαλονίκης',39.804610,22.502520,'customercare@aegeanmotorway.gr',1.60,2.20,6.80,9.60),
('AM','aegeanmotorway','AM04','Σταθμός Διοδίων Μακρυχωρίου Μετωπικά (Προς Θεσσαλονίκη)','ΜΤ','Λάρισας-Μακρυχώρι','Α/Δ Αθηνών-Θεσσαλονίκης',39.804270,22.502700,'customercare@aegeanmotorway.gr',1.60,2.20,6.80,9.60),
('AM','aegeanmotorway','AM05','Σταθμός Διοδίων Μοσχοχωρίου Μετωπικά (Προς Αθήνα)','ΜΤ','Λάρισας-Μοσχοχώρι','Α/Δ Αθηνών-Θεσσαλονίκης',39.522940,22.556700,'customercare@aegeanmotorway.gr',2.50,3.60,10.80,15.10),
('AM','aegeanmotorway','AM06','Σταθμός Διοδίων Μοσχοχωρίου Μετωπικά (Προς Θεσσαλονίκη)','ΜΤ','Λάρισας-Μοσχοχώρι','Α/Δ Αθηνών-Θεσσαλονίκης',39.522920,22.557050,'customercare@aegeanmotorway.gr',2.50,3.60,10.80,15.10),
('AM','aegeanmotorway','AM07','Σταθμός Διοδίων Λεπτοκαρυάς Μετωπικά (Προς Αθήνα)','ΜΤ','Πιερίας-Λεπτοκαρυά','Α/Δ Αθηνών-Θεσσαλονίκης',40.035810,22.569730,'customercare@aegeanmotorway.gr',2.00,2.80,8.60,12.00),
('AM','aegeanmotorway','AM08','Σταθμός Διοδίων Λεπτοκαρυάς Μετωπικά (Προς Θεσσαλονίκη)','ΜΤ','Πιερίας-Λεπτοκαρυά','Α/Δ Αθηνών-Θεσσαλονίκης',40.035650,22.569990,'customercare@aegeanmotorway.gr',2.00,2.80,8.60,12.00),
('AM','aegeanmotorway','AM09','Σταθμός Διοδίων Πελασγίας Μετωπικά (Προς Αθήνα)','ΜΤ','Φθιώτιδος-Πελασγία','Α/Δ Αθηνών-Θεσσαλονίκης',38.920510,22.846370,'customercare@aegeanmotorway.gr',2.20,3.10,9.40,13.10),
('AM','aegeanmotorway','AM10','Σταθμός Διοδίων Πελασγίας Μετωπικά (Προς Θεσσαλονίκη)','ΜΤ','Φθιώτιδος-Πελασγία','Α/Δ Αθηνών-Θεσσαλονίκης',38.920150,22.846330,'customercare@aegeanmotorway.gr',2.20,3.10,9.40,13.10),
('AM','aegeanmotorway','AM11','Σταθμός Διοδίων Γυρτώνης Πλευρικά (Από Αθήνα)','ΠΛ','Λάρισας-Γυρτώνη','Α/Δ Αθηνών-Θεσσαλονίκης',39.743480,22.475950,'customercare@aegeanmotorway.gr',0.40,0.60,1.90,2.70),
('AM','aegeanmotorway','AM12','Σταθμός Διοδίων Γυρτώνης Πλευρικά (Προς Αθήνα)','ΠΛ','Λάρισας-Γυρτώνη','Α/Δ Αθηνών-Θεσσαλονίκης',39.744990,22.475290,'customercare@aegeanmotorway.gr',0.40,0.60,1.90,2.70),
('AM','aegeanmotorway','AM13','Σταθμός Διοδίων Ευαγγελισμού Πλευρικά (Από Θεσσαλονίκη)','ΠΛ','Λάρισας-Ευαγγελισμός','Α/Δ Αθηνών-Θεσσαλονίκης',39.829320,22.511440,'customercare@aegeanmotorway.gr',0.70,1.10,3.20,4.50),
('AM','aegeanmotorway','AM14','Σταθμός Διοδίων Ευαγγελισμού Πλευρικά (Προς Θεσσαλονίκη)','ΠΛ','Λάρισας-Ευαγγελισμός','Α/Δ Αθηνών-Θεσσαλονίκης',39.829320,22.513590,'customercare@aegeanmotorway.gr',0.70,1.10,3.20,4.50),
('AM','aegeanmotorway','AM15','Σταθμός Διοδίων Κιλελέρ Πλευρικά (Από Αθήνα)','ΠΛ','Λάρισας-Κιλελέρ','Α/Δ Αθηνών-Θεσσαλονίκης',39.494500,22.626190,'customercare@aegeanmotorway.gr',1.50,2.10,6.40,9.00),
('AM','aegeanmotorway','AM16','Σταθμός Διοδίων Κιλελέρ Πλευρικά (Προς Αθήνα)','ΠΛ','Λάρισας-Κιλελέρ','Α/Δ Αθηνών-Θεσσαλονίκης',39.493320,22.618910,'customercare@aegeanmotorway.gr',1.50,2.10,6.40,9.00),
('AM','aegeanmotorway','AM17','Σταθμός Διοδίων Μακρυχωρίου Πλευρικά (Από Αθήνα)','ΠΛ','Λάρισας-Μακρυχώρι','Α/Δ Αθηνών-Θεσσαλονίκης',39.796800,22.499040,'customercare@aegeanmotorway.gr',0.70,1.00,3.00,4.20),
('AM','aegeanmotorway','AM18','Σταθμός Διοδίων Μεγάλου Μοναστηρίου Πλευρικά (Από Αθήνα)','ΠΛ','Λάρισας-Μεγάλο Μοναστήρι','Α/Δ Αθηνών-Θεσσαλονίκης',39.442270,22.689310,'customercare@aegeanmotorway.gr',1.20,1.70,5.00,7.00),
('AM','aegeanmotorway','AM19','Σταθμός Διοδίων Μεγάλου Μοναστηρίου Πλευρικά (Προς Αθήνα)','ΠΛ','Λάρισας-Μεγάλο Μοναστήρι','Α/Δ Αθηνών-Θεσσαλονίκης',39.441170,22.686520,'customercare@aegeanmotorway.gr',1.20,1.70,5.00,7.00),
('AM','aegeanmotorway','AM20','Σταθμός Διοδίων Πυργετού Πλευρικά (Προς Αθήνα)','ΠΛ','Λάρισας-Πυργετός','Α/Δ Αθηνών-Θεσσαλονίκης',39.909260,22.624380,'customercare@aegeanmotorway.gr',1.00,1.50,4.50,6.30),
('AM','aegeanmotorway','AM21','Σταθμός Διοδίων Πυργετού Πλευρικά (Προς Θεσσαλονίκη)','ΠΛ','Λάρισας-Πυργετός','Α/Δ Αθηνών-Θεσσαλονίκης',39.908940,22.624380,'customercare@aegeanmotorway.gr',1.00,1.50,4.50,6.30),
('AM','aegeanmotorway','AM22','Σταθμός Διοδίων Βελεστίνου Πλευρικά (Από Αθήνα)','ΠΛ','Μαγνησίας-Βελεστίνο','Α/Δ Αθηνών-Θεσσαλονίκης',39.388550,22.768170,'customercare@aegeanmotorway.gr',0.80,1.10,3.30,4.60),
('AM','aegeanmotorway','AM23','Σταθμός Διοδίων Βελεστίνου Πλευρικά (Προς Αθήνα)','ΠΛ','Μαγνησίας-Βελεστίνο','Α/Δ Αθηνών-Θεσσαλονίκης',39.389000,22.764460,'customercare@aegeanmotorway.gr',0.80,1.10,3.30,4.60),
('AM','aegeanmotorway','AM24','Σταθμός Διοδίων Βελεστίνου Πλευρικά (Προς Αθήνα)','ΠΛ','Μαγνησίας-Βελεστίνο','Α/Δ Αθηνών-Θεσσαλονίκης',39.390750,22.764920,'customercare@aegeanmotorway.gr',0.80,1.10,3.30,4.60),
('AM','aegeanmotorway','AM25','Σταθμός Διοδίων Λεπτοκαρυάς Πλευρικά (Από Θεσσαλονίκη)','ΠΛ','Πιερίας-Λεπτοκαρυά','Α/Δ Αθηνών-Θεσσαλονίκης',40.044980,22.564060,'customercare@aegeanmotorway.gr',1.10,1.60,4.90,6.80),
('AM','aegeanmotorway','AM26','Σταθμός Διοδίων Λεπτοκαρυάς Πλευρικά (Προς Θεσσαλονίκη)','ΠΛ','Πιερίας-Λεπτοκαρυά','Α/Δ Αθηνών-Θεσσαλονίκης',40.045030,22.565370,'customercare@aegeanmotorway.gr',1.10,1.60,4.90,6.80),
('AM','aegeanmotorway','AM27','Σταθμός Διοδίων Πλαταμώνα Πλευρικά (Από Αθήνα)','ΠΛ','Πιερίας-Πλαταμώνας','Α/Δ Αθηνών-Θεσσαλονίκης',39.981730,22.625210,'customercare@aegeanmotorway.gr',0.40,0.60,1.80,2.50),
('AM','aegeanmotorway','AM28','Σταθμός Διοδίων Πλαταμώνα Πλευρικά (Προς Αθήνα)','ΠΛ','Πιερίας-Πλαταμώνας','Α/Δ Αθηνών-Θεσσαλονίκης',39.981730,22.624880,'customercare@aegeanmotorway.gr',0.40,0.60,1.80,2.50),
('AM','aegeanmotorway','AM29','Σταθμός Διοδίων Γλύφας Πλευρικά (Από Θεσσαλονίκη)','ΠΛ','Φθιώτιδος-Γλύφα','Α/Δ Αθηνών-Θεσσαλονίκης',38.949410,22.875660,'customercare@aegeanmotorway.gr',1.60,2.30,6.90,9.60),
('AM','aegeanmotorway','AM30','Σταθμός Διοδίων Γλύφας Πλευρικά (Προς Θεσσαλονίκη)','ΠΛ','Φθιώτιδος-Γλύφα','Α/Δ Αθηνών-Θεσσαλονίκης',38.947990,22.876580,'customercare@aegeanmotorway.gr',1.60,2.30,6.90,9.60),
('EG','egnatia','EG01','Σταθμός Διοδίων Σήραγγας Ακτίου Μετωπικά (Προς Αγρίνιο)','ΜΤ','Αιτωλοακαρνανίας-Άκτιο','Ακτίου-Πρέβεζας',38.940080,20.765980,'eoae@egnatia.gr',0.70,3.00,7.50,10.50),
('EG','egnatia','EG02','Σταθμός Διοδίων Σήραγγας Ακτίου Μετωπικά (Προς Πρέβεζα)','ΜΤ','Αιτωλοακαρνανίας-Άκτιο','Ακτίου-Πρέβεζας',38.940000,20.766340,'eoae@egnatia.gr',0.70,3.00,7.50,10.50),
('EG','egnatia','EG03','Σταθμός Διοδίων Αρδανίου Μετωπικά (Προς Ηγουμενίτσα)','ΜΤ','Έβρου-Αρδάνι','Εγνατία Οδός',40.944660,26.205250,'eoae@egnatia.gr',0.80,1.20,3.00,4.20),
('EG','egnatia','EG04','Σταθμός Διοδίων Αρδανίου Μετωπικά (Προς Κήπους)','ΜΤ','Έβρου-Αρδάνι','Εγνατία Οδός',40.944480,26.205090,'eoae@egnatia.gr',0.80,1.20,3.00,4.20),
('EG','egnatia','EG05','Σταθμός Διοδίων Μεστής Μετωπικά (Προς Αλεξ/πολη)','ΜΤ','Έβρου-Μεστή','Εγνατία Οδός',41.013490,25.533270,'eoae@egnatia.gr',1.20,1.70,4.30,6.00),
('EG','egnatia','EG06','Σταθμός Διοδίων Μεστής Μετωπικά (Προς Ηγουμενίτσα)','ΜΤ','Έβρου-Μεστή','Εγνατία Οδός',41.013470,25.533490,'eoae@egnatia.gr',1.20,1.70,4.30,6.00),
('EG','egnatia','EG07','Σταθμός Διοδίων Ανάληψης Μετωπικά (Προς Αλεξ/πολη)','ΜΤ','Θεσσαλονίκης-Ανάληψη','Εγνατία Οδός',40.706850,23.191310,'eoae@egnatia.gr',1.30,1.80,4.50,6.30),
('EG','egnatia','EG08','Σταθμός Διοδίων Ανάληψης Μετωπικά (Προς Ηγουμενίτσα)','ΜΤ','Θεσσαλονίκης-Ανάληψη','Εγνατία Οδός',40.706870,23.191660,'eoae@egnatia.gr',1.30,1.80,4.50,6.30),
('EG','egnatia','EG09','Σταθμός Διοδίων Ασπροβάλτας Μετωπικά (Προς Αλεξανδρούπολη)','ΜΤ','Θεσσαλονίκης-Ασπροβάλτα','Εγνατία Οδός',40.726260,23.693690,'eoae@egnatia.gr',0.60,0.90,2.30,3.20),
('EG','egnatia','EG10','Σταθμός Διοδίων Ασπροβάλτας Μετωπικά (Προς Ηγουμενίτσα)','ΜΤ','Θεσσαλονίκης-Ασπροβάλτα','Εγνατία Οδός',40.726510,23.693700,'eoae@egnatia.gr',0.60,0.90,2.30,3.20),
('EG','egnatia','EG11','Σταθμός Διοδίων Θεσσαλονίκης Μετωπικά (Προς Αλεξανδρούπολη)','ΜΤ','Θεσσαλονίκης-Θεσσαλονίκη','Εγνατία Οδός',40.696050,22.895610,'eoae@egnatia.gr',0.30,0.50,1.00,1.50),
('EG','egnatia','EG12','Σταθμός Διοδίων Θεσσαλονίκης Μετωπικά (Προς Ηγουμενίτσα)','ΜΤ','Θεσσαλονίκης-Θεσσαλονίκη','Εγνατία Οδός',40.696210,22.896020,'eoae@egnatia.gr',0.30,0.50,1.00,1.50),
('EG','egnatia','EG13','Σταθμός Διοδίων Μαλγάρων Μετωπικά (Προς Αθήνα)','ΜΤ','Θεσσαλονίκης-Μάλγαρα','Α/Δ Αθηνών-Θεσσαλονίκης',40.602570,22.698250,'eoae@egnatia.gr',0.80,1.20,3.00,4.20),
('EG','egnatia','EG14','Σταθμός Διοδίων Μαλγάρων Μετωπικά (Προς Θεσσαλονίκη)','ΜΤ','Θεσσαλονίκης-Μάλγαρα','Α/Δ Αθηνών-Θεσσαλονίκης',40.602220,22.698280,'eoae@egnatia.gr',0.80,1.20,3.00,4.20),
('EG','egnatia','EG15','Σταθμός Διοδίων Παμβώτιδας Μετωπικά (Προς Αλεξ/πολη)','ΜΤ','Ιωαννίνων-Ιωάννινα','Εγνατία Οδός',39.618610,20.947870,'eoae@egnatia.gr',0.80,1.20,3.00,4.20),
('EG','egnatia','EG16','Σταθμός Διοδίων Παμβώτιδας Μετωπικά (Προς Ηγουμενίτσα)','ΜΤ','Ιωαννίνων-Ιωάννινα','Εγνατία Οδός',39.618870,20.947980,'eoae@egnatia.gr',0.80,1.20,3.00,4.20),
('EG','egnatia','EG17','Σταθμός Διοδίων Τύριας Μετωπικά (Προς Αλεξ/πολη)','ΜΤ','Ιωαννίνων-Τύρια','Εγνατία Οδός',39.540180,20.674240,'eoae@egnatia.gr',1.50,2.10,5.30,7.40),
('EG','egnatia','EG18','Σταθμός Διοδίων Τύριας Μετωπικά (Προς Ηγουμενίτσα)','ΜΤ','Ιωαννίνων-Τύρια','Εγνατία Οδός',39.540180,20.674460,'eoae@egnatia.gr',1.50,2.10,5.30,7.40),
('EG','egnatia','EG19','Σταθμός Διοδίων Καβάλας Μετωπικά (Προς Αλεξ/πολη)','ΜΤ','Καβάλας-Άσπρη Άμμος','Εγνατία Οδός',40.959700,24.472310,'eoae@egnatia.gr',1.00,1.40,3.50,4.90),
('EG','egnatia','EG20','Σταθμός Διοδίων Καβάλας Μετωπικά (Προς Ηγουμενίτσα)','ΜΤ','Καβάλας-Άσπρη Άμμος','Εγνατία Οδός',40.959960,24.472520,'eoae@egnatia.gr',1.00,1.40,3.50,4.90),
('EG','egnatia','EG21','Σταθμός Διοδίων Μουσθένης Μετωπικά (Προς Αλεξ/πολη)','ΜΤ','Καβάλας-Μουσθένη','Εγνατία Οδός',40.858100,24.162270,'eoae@egnatia.gr',1.10,1.60,4.00,5.60),
('EG','egnatia','EG22','Σταθμός Διοδίων Μουσθένης Μετωπικά (Προς Ηγουμενίτσα)','ΜΤ','Καβάλας-Μουσθένη','Εγνατία Οδός',40.858280,24.162360,'eoae@egnatia.gr',1.10,1.60,4.00,5.60),
('EG','egnatia','EG23','Σταθμός Διοδίων Ιεροπηγής Μετωπικά (Προς Κρυσταλλοπηγή)','ΜΤ','Καστοριάς-Ιεροπηγή','Α/Δ Σιάτιστας-Κρυσταλλοπηγής',40.574500,21.061550,'eoae@egnatia.gr',1.00,1.40,3.50,4.90),
('EG','egnatia','EG24','Σταθμός Διοδίων Ιεροπηγής Μετωπικά (Προς Σιάτιστα)','ΜΤ','Καστοριάς-Ιεροπηγή','Α/Δ Σιάτιστας-Κρυσταλλοπηγής',40.574630,21.061360,'eoae@egnatia.gr',1.00,1.40,3.50,4.90),
('EG','egnatia','EG25','Σταθμός Διοδίων Ευζώνων Μετωπικά (Προς Μάλγαρα)','ΜΤ','Κιλκίς-Εύζωνοι','Α/Δ ΠΑΘΕ',41.108730,22.558400,'eoae@egnatia.gr',1.30,1.80,4.50,6.30),
('EG','egnatia','EG26','Σταθμός Διοδίων Ευζώνων Μετωπικά (Προς Σύνορα)','ΜΤ','Κιλκίς-Εύζωνοι','Α/Δ ΠΑΘΕ',41.108650,22.558720,'eoae@egnatia.gr',1.30,1.80,4.50,6.30),
('EG','egnatia','EG27','Σταθμός Διοδίων Πολύμυλου Μετωπικά (Προς Αλεξ/πολη)','ΜΤ','Κοζάνης-Πολύμυλος','Εγνατία Οδός',40.367190,22.060110,'eoae@egnatia.gr',1.00,1.40,3.50,4.90),
('EG','egnatia','EG28','Σταθμός Διοδίων Πολύμυλου Μετωπικά (Προς Ηγουμενίτσα)','ΜΤ','Κοζάνης-Πολύμυλος','Εγνατία Οδός',40.367240,22.060380,'eoae@egnatia.gr',1.00,1.40,3.50,4.90),
('EG','egnatia','EG29','Σταθμός Διοδίων Σιάτιστας Μετωπικά (Προς Αλεξ/πολη)','ΜΤ','Κοζάνης-Σιάτιστα','Εγνατία Οδός',40.256400,21.632940,'eoae@egnatia.gr',1.10,1.50,3.80,5.30),
('EG','egnatia','EG30','Σταθμός Διοδίων Σιάτιστας Μετωπικά (Προς Ηγουμενίτσα)','ΜΤ','Κοζάνης-Σιάτιστα','Εγνατία Οδός',40.256630,21.632960,'eoae@egnatia.gr',1.10,1.50,3.80,5.30),
('EG','egnatia','EG31','Σταθμός Διοδίων Ίασμου Μετωπικά (Προς Αλεξ/πολη)','ΜΤ','Ροδόπης-Ίασμος','Εγνατία Οδός',41.120350,25.080130,'eoae@egnatia.gr',1.00,1.40,3.50,4.90),
('EG','egnatia','EG32','Σταθμός Διοδίων Ίασμου Μετωπικά (Προς Ηγουμενίτσα)','ΜΤ','Ροδόπης-Ίασμος','Εγνατία Οδός',41.120480,25.080190,'eoae@egnatia.gr',1.00,1.40,3.50,4.90),
('EG','egnatia','EG33','Σταθμός Διοδίων Προμαχώνα Μετωπικά (Προς Προμαχώνα)','ΜΤ','Σερρών-Προμαχώνας','Α/Δ Σερρών-Προμαχώνα',41.364100,23.356850,'eoae@egnatia.gr',1.40,2.00,5.00,7.00),
('EG','egnatia','EG34','Σταθμός Διοδίων Προμαχώνα Μετωπικά (Προς Σέρρες)','ΜΤ','Σερρών-Προμαχώνας','Α/Δ Σερρών-Προμαχώνα',41.364280,23.356730,'eoae@egnatia.gr',1.40,2.00,5.00,7.00),
('EG','egnatia','EG35','Σταθμός Διοδίων Στρυμονικού Μετωπικά (Προς Θεσσαλονίκη)','ΜΤ','Σερρών-Στρυμονικό','Α/Δ Θεσσαλονίκης-Σερρών',41.043770,23.295060,'eoae@egnatia.gr',0.70,1.00,2.50,3.50),
('EG','egnatia','EG36','Σταθμός Διοδίων Στρυμονικού Μετωπικά (Προς Σέρρες)','ΜΤ','Σερρών-Στρυμονικό','Α/Δ Θεσσαλονίκης-Σερρών',41.043620,23.295040,'eoae@egnatia.gr',0.70,1.00,2.50,3.50),
('EG','egnatia','EG37','Σταθμός Διοδίων Μαλακασίου Μετωπικά (Προς Αλεξ/πολη)','ΜΤ','Τρικάλων-Μαλακάσι','Εγνατία Οδός',39.789440,21.266810,'eoae@egnatia.gr',1.00,1.40,3.50,4.90),
('EG','egnatia','EG38','Σταθμός Διοδίων Μαλακασίου Μετωπικά (Προς Ηγουμενίτσα)','ΜΤ','Τρικάλων-Μαλακάσι','Εγνατία Οδός',39.789790,21.266260,'eoae@egnatia.gr',1.00,1.40,3.50,4.90),
('EG','egnatia','EG39','Σταθμός Διοδίων Μεστής Πλευρικά (Από Αλεξ/πολη)','ΠΛ','Έβρου-Μεστή','Εγνατία Οδός',40.961760,25.643390,'eoae@egnatia.gr',0.60,0.80,2.00,2.80),
('EG','egnatia','EG40','Σταθμός Διοδίων Μεστής Πλευρικά (Προς Αλεξ/πολη)','ΠΛ','Έβρου-Μεστή','Εγνατία Οδός',40.961220,25.642780,'eoae@egnatia.gr',0.60,0.80,2.00,2.80),
('EG','egnatia','EG41','Σταθμός Διοδίων Βαϊοχωρίου Πλευρικά (Από Αλεξ/πολη)','ΠΛ','Θεσσαλονίκης-Βαϊοχώρι','Εγνατία Οδός',40.701330,23.371060,'eoae@egnatia.gr',0.40,0.60,1.50,2.10),
('EG','egnatia','EG42','Σταθμός Διοδίων Βαϊοχωρίου Πλευρικά (Προς Αλεξ/πολη)','ΠΛ','Θεσσαλονίκης-Βαϊοχώρι','Εγνατία Οδός',40.700030,23.370420,'eoae@egnatia.gr',0.40,0.60,1.50,2.10),
('EG','egnatia','EG43','Σταθμός Διοδίων Λαγκαδά Πλευρικά (Είσοδος Προς Ηγουμενίτσα)','ΠΛ','Θεσσαλονίκης-Λαγυνά','Εγνατία Οδός',40.740360,23.011340,'eoae@egnatia.gr',0.20,0.30,0.80,1.10),
('EG','egnatia','EG44','Σταθμός Διοδίων Λαγκαδά Πλευρικά (Είσοδος Προς Ηγουμενίτσα)','ΠΛ','Θεσσαλονίκης-Λαγυνά','Εγνατία Οδός',40.740410,23.009210,'eoae@egnatia.gr',0.20,0.30,0.80,1.10),
('EG','egnatia','EG45','Σταθμός Διοδίων Λαγκαδά Πλευρικά (Έξοδος Από Ηγουμενίτσα)','ΠΛ','Θεσσαλονίκης-Λαγυνά','Εγνατία Οδός',40.737080,23.008860,'eoae@egnatia.gr',0.20,0.30,0.80,1.10),
('EG','egnatia','EG46','Σταθμός Διοδίων Ασπροβάλτας Πλευρικά (Από Ηγουμενίτσα)','ΠΛ','Θεσσαλονίκης-Νέα Βρασνά','Εγνατία Οδός',40.709630,23.682330,'eoae@egnatia.gr',0.20,0.30,0.80,1.10),
('EG','egnatia','EG47','Σταθμός Διοδίων Ασπροβάλτας Πλευρικά (Προς Ηγουμενίτσα)','ΠΛ','Θεσσαλονίκης-Νέα Βρασνά','Εγνατία Οδός',40.709690,23.680070,'eoae@egnatia.gr',0.20,0.30,0.80,1.10),
('EG','egnatia','EG48','Σταθμός Διοδίων Προφήτη Πλευρικά (Από Αλεξ/πολη)','ΠΛ','Θεσσαλονίκης-Προφήτης','Εγνατία Οδός',40.685070,23.257280,'eoae@egnatia.gr',0.60,0.90,2.30,3.20),
('EG','egnatia','EG49','Σταθμός Διοδίων Προφήτη Πλευρικά (Προς Αλεξ/πολη)','ΠΛ','Θεσσαλονίκης-Προφήτης','Εγνατία Οδός',40.682980,23.260140,'eoae@egnatia.gr',0.60,0.90,2.30,3.20),
('EG','egnatia','EG50','Σταθμός Διοδίων Αγίου Ανδρέα Πλευρικά (Από Αλεξ/πολη)','ΠΛ','Καβάλας-Άγιος Ανδρέας','Εγνατία Οδός',40.873010,24.296320,'eoae@egnatia.gr',0.30,0.40,1.00,1.40),
('EG','egnatia','EG51','Σταθμός Διοδίων Αγίου Ανδρέα Πλευρικά (Προς Αλεξ/πολη)','ΠΛ','Καβάλας-Άγιος Ανδρέας','Εγνατία Οδός',40.874250,24.298860,'eoae@egnatia.gr',0.30,0.40,1.00,1.40),
('EG','egnatia','EG52','Σταθμός Διοδίων Άσπρων Χωμάτων Πλευρικά (Από Ηγουμενίτσα)','ΠΛ','Καβάλας-Άσπρη Άμμος','Εγνατία Οδός',40.954750,24.464900,'eoae@egnatia.gr',0.20,0.30,0.80,1.10),
('EG','egnatia','EG53','Σταθμός Διοδίων Άσπρων Χωμάτων Πλευρικά (Προς Ηγουμενίτσα)','ΠΛ','Καβάλας-Άσπρη Άμμος','Εγνατία Οδός',40.956140,24.463350,'eoae@egnatia.gr',0.20,0.30,0.80,1.10),
('EG','egnatia','EG54','Σταθμός Διοδίων Ελευθερούπολης Πλευρικά (Από Αλεξ/πολη)','ΠΛ','Καβάλας-Εξοχή','Εγνατία Οδός',40.886560,24.234660,'eoae@egnatia.gr',0.50,0.60,1.50,2.10),
('EG','egnatia','EG55','Σταθμός Διοδίων Ελευθερούπολης Πλευρικά (Προς Αλεξ/πολη)','ΠΛ','Καβάλας-Εξοχή','Εγνατία Οδός',40.884050,24.235950,'eoae@egnatia.gr',0.50,0.60,1.50,2.10),
('EG','egnatia','EG56','Σταθμός Διοδίων Μουσθένης Πλευρικά (Από Ηγουμενίτσα)','ΠΛ','Καβάλας-Μουσθένη','Εγνατία Οδός',40.838280,24.114870,'eoae@egnatia.gr',0.60,0.80,2.00,2.80),
('EG','egnatia','EG57','Σταθμός Διοδίων Μουσθένης Πλευρικά (Προς Ηγουμενίτσα)','ΠΛ','Καβάλας-Μουσθένη','Εγνατία Οδός',40.841420,24.116600,'eoae@egnatia.gr',0.60,0.80,2.00,2.80),
('EG','egnatia','EG58','Σταθμός Διοδίων Γαληψού Ορφανίου Πλευρικά (Από Ηγουμενίτσα)','ΠΛ','Καβάλας-Ορφάνιο','Εγνατία Οδός',40.782730,23.957420,'eoae@egnatia.gr',0.20,0.30,0.80,1.10),
('EG','egnatia','EG59','Σταθμός Διοδίων Γαληψού Ορφανίου Πλευρικά (Προς Ηγουμενίτσα)','ΠΛ','Καβάλας-Ορφάνιο','Εγνατία Οδός',40.787380,23.955910,'eoae@egnatia.gr',0.20,0.30,0.80,1.10),
('EG','egnatia','EG60','Σταθμός Διοδίων Πολυκάστρου Πλευρικά (Από Πολύκαστρο)','ΠΛ','Κιλκίς-Πολύκαστρο','Α/Δ ΠΑΘΕ',40.989130,22.603770,'eoae@egnatia.gr',0.90,1.30,3.30,4.60),
('EG','egnatia','EG61','Σταθμός Διοδίων Πολυκάστρου Πλευρικά (Προς Πολύκαστρο)','ΠΛ','Κιλκίς-Πολύκαστρο','Α/Δ ΠΑΘΕ',40.989020,22.604920,'eoae@egnatia.gr',0.90,1.30,3.30,4.60),
('EG','egnatia','EG62','Σταθμός Διοδίων Καλαμιάς Πλευρικά (Από Αλεξ/πολη)','ΠΛ','Κοζάνης-Καλαμιά','Εγνατία Οδός',40.297800,21.680650,'eoae@egnatia.gr',0.30,0.40,1.00,1.40),
('EG','egnatia','EG63','Σταθμός Διοδίων Καλαμιάς Πλευρικά (Προς Αλεξ/πολη)','ΠΛ','Κοζάνης-Καλαμιά','Εγνατία Οδός',40.301860,21.690360,'eoae@egnatia.gr',0.30,0.40,1.00,1.40),
('EG','egnatia','EG64','Σταθμός Διοδίων Σιάτιστας Ανατολικά Πλευρικά (Από Ηγουμενίτσα)','ΠΛ','Κοζάνης-Σιάτιστα','Εγνατία Οδός',40.236220,21.579880,'eoae@egnatia.gr',0.50,0.70,1.80,2.50),
('EG','egnatia','EG65','Σταθμός Διοδίων Σιάτιστας Ανατολικά Πλευρικά (Προς Ηγουμενίτσα)','ΠΛ','Κοζάνης-Σιάτιστα','Εγνατία Οδός',40.236970,21.579840,'eoae@egnatia.gr',0.50,0.70,1.80,2.50),
('EG','egnatia','EG66','Σταθμός Διοδίων Βαφέικων Πλευρικά (Από Ηγουμενίτσα Προς Ξάνθη)','ΠΛ','Ξάνθης-Βαφέικα','Εγνατία Οδός',41.096220,24.946600,'eoae@egnatia.gr',0.20,0.30,0.80,1.10),
('EG','egnatia','EG67','Σταθμός Διοδίων Βαφέικων Πλευρικά (Από Ηγουμενίτσα Προς Πόρτο Λάγος)','ΠΛ','Ξάνθης-Βαφέικα','Εγνατία Οδός',41.095180,24.944670,'eoae@egnatia.gr',0.20,0.30,0.80,1.10),
('EG','egnatia','EG68','Σταθμός Διοδίων Βαφέικων Πλευρικά (Από Ξάνθη Προς Ηγουμενίτσα)','ΠΛ','Ξάνθης-Βαφέικα','Εγνατία Οδός',41.094630,24.937140,'eoae@egnatia.gr',0.20,0.30,0.80,1.10),
('EG','egnatia','EG69','Σταθμός Διοδίων Βαφέικων Πλευρικά (Από Πόρτο Λάγος Προς Ηγουμενίτσα)','ΠΛ','Ξάνθης-Βαφέικα','Εγνατία Οδός',41.098200,24.944940,'eoae@egnatia.gr',0.20,0.30,0.80,1.10),
('EG','egnatia','EG70','Σταθμός Διοδίων Ίασμου Πλευρικά (Από Αλεξ/πολη)','ΠΛ','Ροδόπης-Ίασμος','Εγνατία Οδός',41.117140,25.184430,'eoae@egnatia.gr',0.40,0.50,1.30,1.80),
('EG','egnatia','EG71','Σταθμός Διοδίων Ίασμου Πλευρικά (Προς Αλεξ/πολη)','ΠΛ','Ροδόπης-Ίασμος','Εγνατία Οδός',41.115620,25.184460,'eoae@egnatia.gr',0.40,0.50,1.30,1.80),
('EG','egnatia','EG72','Σταθμός Διοδίων ΒΙ.ΠΕ. Κομοτηνής Πλευρικά (Από Ηγουμενίτσα)','ΠΛ','Ροδόπης-Φύλακας','Εγνατία Οδός',41.059600,25.475390,'eoae@egnatia.gr',0.20,0.30,0.80,1.10),
('EG','egnatia','EG73','Σταθμός Διοδίων ΒΙ.ΠΕ. Κομοτηνής Πλευρικά (Προς Ηγουμενίτσα)','ΠΛ','Ροδόπης-Φύλακας','Εγνατία Οδός',41.061490,25.476610,'eoae@egnatia.gr',0.20,0.30,0.80,1.10),
('EG','egnatia','EG74','Σταθμός Διοδίων Παναγιάς Πλευρικά','ΠΛ','Τρικάλων-Μαλακάσι','Εγνατία Οδός',39.785780,21.294820,'eoae@egnatia.gr',0.70,1.00,2.50,3.50),
('GE','gefyra','GE01','Σταθμός Διοδίων Γέφυρας Ρίου Αντιρρίου Μετωπικά (Προς Αντίρριο)','ΜΤ','Αιτωλοακαρνανίας-Αντίρριο','Α/Δ Αντιρρίου-Ιωαννίνων',38.333830,21.766040,'info@gefyra.gr',2.00,14.70,46.50,74.50),
('GE','gefyra','GE02','Σταθμός Διοδίων Γέφυρας Ρίου Αντιρρίου Μετωπικά (Προς Ρίο)','ΜΤ','Αιτωλοακαρνανίας-Αντίρριο','Α/Δ Αντιρρίου-Ιωαννίνων',38.333810,21.765810,'info@gefyra.gr',2.00,14.70,46.50,74.50),
('KO','kentrikiodos','KO01','Σταθμός Διοδίων Σοφάδων Μετωπικά (Προς Λαμία)','ΜΤ','Καρδίτσας-Μαυραχάδες','Α/Δ Λαμίας-Τρικάλων',39.257170,22.082990,'customercare@kentrikiodos.gr',2.35,3.40,8.50,11.95),
('KO','kentrikiodos','KO02','Σταθμός Διοδίων Σοφάδων Μετωπικά (Προς Τρίκαλα)','ΜΤ','Καρδίτσας-Μαυραχάδες','Α/Δ Λαμίας-Τρικάλων',39.256910,22.083200,'customercare@kentrikiodos.gr',2.35,3.40,8.50,11.95),
('KO','kentrikiodos','KO03','Σταθμός Διοδίων Τρικάλων Μετωπικά (Προς Λαμία)','ΜΤ','Τρικάλων-Λόγγος','Α/Δ Λαμίας-Τρικάλων',39.520400,21.832120,'customercare@kentrikiodos.gr',2.05,2.95,7.45,10.45),
('KO','kentrikiodos','KO04','Σταθμός Διοδίων Τρικάλων Μετωπικά (Προς Τρίκαλα)','ΜΤ','Τρικάλων-Λόγγος','Α/Δ Λαμίας-Τρικάλων',39.520220,21.832490,'customercare@kentrikiodos.gr',2.05,2.95,7.45,10.45),
('KO','kentrikiodos','KO05','Σταθμός Διοδίων Αγίας Τριάδας Μετωπικά (Προς Αθήνα)','ΜΤ','Φθιώτιδος-Αγία Τριάδα','Α/Δ Αθηνών-Θεσσαλονίκης',38.808350,22.602560,'customercare@kentrikiodos.gr',1.35,1.90,4.80,6.75),
('KO','kentrikiodos','KO06','Σταθμός Διοδίων Αγίας Τριάδας Μετωπικά (Προς Θεσσαλονίκη)','ΜΤ','Φθιώτιδος-Αγία Τριάδα','Α/Δ Αθηνών-Θεσσαλονίκης',38.808690,22.602700,'customercare@kentrikiodos.gr',1.35,1.90,4.80,6.75),
('KO','kentrikiodos','KO07','Σταθμός Διοδίων Λειανοκλαδίου Μετωπικά (Προς Λαμία)','ΜΤ','Φθιώτιδος-Σταυρός','Κεντρική Οδός',38.915170,22.348730,'customercare@kentrikiodos.gr',1.30,1.85,4.70,6.60),
('KO','kentrikiodos','KO08','Σταθμός Διοδίων Λειανοκλαδίου Μετωπικά (Προς Τρίκαλα)','ΜΤ','Φθιώτιδος-Σταυρός','Κεντρική Οδός',38.914950,22.349060,'customercare@kentrikiodos.gr',1.30,1.85,4.70,6.60),
('KO','kentrikiodos','KO09','Σταθμός Διοδίων Μαυρομαντήλας Μετωπικά (Προς Αθήνα)','ΜΤ','Φθιώτιδος-Στυλίδα','Α/Δ Αθηνών-Θεσσαλονίκης',38.904190,22.527940,'customercare@kentrikiodos.gr',1.45,2.05,5.15,7.25),
('KO','kentrikiodos','KO10','Σταθμός Διοδίων Μαυρομαντήλας Μετωπικά (Προς Θεσσαλονίκη)','ΜΤ','Φθιώτιδος-Στυλίδα','Α/Δ Αθηνών-Θεσσαλονίκης',38.904030,22.527540,'customercare@kentrikiodos.gr',1.45,2.05,5.15,7.25),
('KO','kentrikiodos','KO11','Σταθμός Διοδίων Ανάβρας Πλευρικά (Από Λαμία)','ΠΛ','Καρδίτσας-Ανάβρα','Α/Δ Λαμίας-Τρικάλων',39.210480,22.069250,'customercare@kentrikiodos.gr',1.40,2.00,5.00,7.00),
('KO','kentrikiodos','KO12','Σταθμός Διοδίων Ανάβρας Πλευρικά (Προς Λαμία)','ΠΛ','Καρδίτσας-Ανάβρα','Α/Δ Λαμίας-Τρικάλων',39.210250,22.069050,'customercare@kentrikiodos.gr',1.40,2.00,5.00,7.00),
('KO','kentrikiodos','KO13','Σταθμός Διοδίων Προαστίου Πλευρικά (Από Λαμία)','ΠΛ','Καρδίτσας-Προάστιο','Α/Δ Λαμίας-Τρικάλων',39.474800,21.903100,'customercare@kentrikiodos.gr',0.80,1.15,2.85,4.05),
('KO','kentrikiodos','KO14','Σταθμός Διοδίων Προαστίου Πλευρικά (Προς Λαμία)','ΠΛ','Καρδίτσας-Προάστιο','Α/Δ Λαμίας-Τρικάλων',39.474600,21.903240,'customercare@kentrikiodos.gr',0.80,1.15,2.85,4.05),
('KO','kentrikiodos','KO15','Σταθμός Διοδίων Καλαμπάκας Πλευρικά (Από Καλαμπάκα)','ΠΛ','Τρικάλων-Καλαμπάκα','Κεντρική Οδός',39.700280,21.608580,'customercare@kentrikiodos.gr',0.60,0.90,2.25,3.15),
('KO','kentrikiodos','KO16','Σταθμός Διοδίων Καλαμπάκας Πλευρικά (Προς Καλαμπάκα)','ΠΛ','Τρικάλων-Καλαμπάκα','Κεντρική Οδός',39.699750,21.610800,'customercare@kentrikiodos.gr',0.60,0.90,2.25,3.15),
('KO','kentrikiodos','KO17','Σταθμός Διοδίων Τρικάλων Πλευρικά (Από Τρίκαλα)','ΠΛ','Τρικάλων-Τρίκαλα','Κεντρική Οδός',39.569010,21.818290,'customercare@kentrikiodos.gr',0.55,0.80,2.05,2.90),
('KO','kentrikiodos','KO18','Σταθμός Διοδίων Τρικάλων Πλευρικά (Προς Τρίκαλα)','ΠΛ','Τρικάλων-Τρίκαλα','Κεντρική Οδός',39.568790,21.818110,'customercare@kentrikiodos.gr',0.55,0.80,2.05,2.90),
('KO','kentrikiodos','KO19','Σταθμός Διοδίων Αγίας Μαρίνας Πλευρικά (Από Θεσ/νίκη)','ΠΛ','Φθιώτιδος-Αγία Μαρίνα','Α/Δ Αθηνών-Θεσσαλονίκης',38.903770,22.570630,'customercare@kentrikiodos.gr',0.90,1.30,3.30,4.60),
('KO','kentrikiodos','KO20','Σταθμός Διοδίων Αγίας Μαρίνας Πλευρικά (Προς Θεσ/νίκη)','ΠΛ','Φθιώτιδος-Αγία Μαρίνα','Α/Δ Αθηνών-Θεσσαλονίκης',38.903050,22.569070,'customercare@kentrikiodos.gr',0.90,1.30,3.30,4.60),
('KO','kentrikiodos','KO21','Σταθμός Διοδίων Θερμοπυλών Πλευρικά (Από Θεσσαλονίκη)','ΠΛ','Φθιώτιδος-Θερμοπύλες','Α/Δ Αθηνών-Θεσσαλονίκης',38.799290,22.509260,'customercare@kentrikiodos.gr',0.45,0.65,1.65,2.35),
('KO','kentrikiodos','KO22','Σταθμός Διοδίων Θερμοπυλών Πλευρικά (Προς Θεσσαλονίκη)','ΠΛ','Φθιώτιδος-Θερμοπύλες','Α/Δ Αθηνών-Θεσσαλονίκης',38.799590,22.511180,'customercare@kentrikiodos.gr',0.45,0.65,1.65,2.35),
('KO','kentrikiodos','KO23','Σταθμός Διοδίων Μώλου Πλευρικά (Από Αθήνα)','ΠΛ','Φθιώτιδος-Μώλος','Α/Δ Αθηνών-Θεσσαλονίκης',38.802670,22.649380,'customercare@kentrikiodos.gr',0.25,0.35,0.90,1.30),
('KO','kentrikiodos','KO24','Σταθμός Διοδίων Μώλου Πλευρικά (Προς Αθήνα)','ΠΛ','Φθιώτιδος-Μώλος','Α/Δ Αθηνών-Θεσσαλονίκης',38.802900,22.649520,'customercare@kentrikiodos.gr',0.25,0.35,0.90,1.30),
('KO','kentrikiodos','KO25','Σταθμός Διοδίων Στυλίδας Πλευρικά (Από Θεσσαλονίκη)','ΠΛ','Φθιώτιδος-Στυλίδα','Α/Δ Αθηνών-Θεσσαλονίκης',38.913630,22.659000,'customercare@kentrikiodos.gr',0.50,0.70,1.75,2.50),
('KO','kentrikiodos','KO26','Σταθμός Διοδίων Στυλίδας Πλευρικά (Προς Θεσσαλονίκη)','ΠΛ','Φθιώτιδος-Στυλίδα','Α/Δ Αθηνών-Θεσσαλονίκης',38.913570,22.657740,'customercare@kentrikiodos.gr',0.50,0.70,1.75,2.50),
('MO','moreas','MO01','Σταθμός Διοδίων Βελιγοστής Μετωπικά (Προς Καλαμάτα)','ΜΤ','Αρκαδίας-Βελιγοστή','Α/Δ Μορέας',37.345160,22.110370,'info@moreas.com.gr',0.90,1.35,3.40,4.80),
('MO','moreas','MO02','Σταθμός Διοδίων Βελιγοστής Μετωπικά (Προς Κόρινθο)','ΜΤ','Αρκαδίας-Βελιγοστή','Α/Δ Μορέας',37.344830,22.110300,'info@moreas.com.gr',0.90,1.35,3.40,4.80),
('MO','moreas','MO03','Σταθμός Διοδίων Γέφυρας Μάναρη Μετωπικά (Προς Καλαμάτα)','ΜΤ','Αρκαδίας-Μάναρης','Α/Δ Μορέας',37.412490,22.307640,'info@moreas.com.gr',1.40,2.10,5.25,7.40),
('MO','moreas','MO04','Σταθμός Διοδίων Γέφυρας Μάναρη Μετωπικά (Προς Κόρινθο)','ΜΤ','Αρκαδίας-Μάναρης','Α/Δ Μορέας',37.412200,22.307760,'info@moreas.com.gr',1.40,2.10,5.25,7.40),
('MO','moreas','MO05','Σταθμός Διοδίων Νεστάνης Μετωπικά (Προς Καλαμάτα)','ΜΤ','Αρκαδίας-Νεστάνη','Α/Δ Μορέας',37.600850,22.446460,'info@moreas.com.gr',1.80,2.60,6.50,9.10),
('MO','moreas','MO06','Σταθμός Διοδίων Νεστάνης Μετωπικά (Προς Κόρινθο)','ΜΤ','Αρκαδίας-Νεστάνη','Α/Δ Μορέας',37.600570,22.446550,'info@moreas.com.gr',1.80,2.60,6.50,9.10),
('MO','moreas','MO07','Σταθμός Διοδίων Πετρίνας Μετωπικά (Προς Κόρινθο-Καλαμάτα)','ΜΤ','Αρκαδίας-Πετρίνα','Α/Δ Μορέας',37.298640,22.210320,'info@moreas.com.gr',2.20,3.15,7.90,11.10),
('MO','moreas','MO08','Σταθμός Διοδίων Πετρίνας Μετωπικά (Προς Σπάρτη)','ΜΤ','Αρκαδίας-Πετρίνα','Α/Δ Μορέας',37.298840,22.210090,'info@moreas.com.gr',2.20,3.15,7.90,11.10),
('MO','moreas','MO09','Σταθμός Διοδίων Σπαθοβουνίου Μετωπικά (Προς Καλαμάτα)','ΜΤ','Κορινθίας-Σπαθοβούνι','Α/Δ Μορέας',37.835990,22.807970,'info@moreas.com.gr',1.90,2.70,6.85,9.60),
('MO','moreas','MO10','Σταθμός Διοδίων Σπαθοβουνίου Μετωπικά (Προς Κόρινθο)','ΜΤ','Κορινθίας-Σπαθοβούνι','Α/Δ Μορέας',37.835650,22.808080,'info@moreas.com.gr',1.90,2.70,6.85,9.60),
('MO','moreas','MO11','Σταθμός Διοδίων Καλαμάτας Μετωπικά (Προς Καλαμάτα)','ΜΤ','Μεσσηνίας-Καλαμάτα','Α/Δ Μορέας',37.136940,22.037790,'info@moreas.com.gr',1.40,2.05,5.15,7.25),
('MO','moreas','MO12','Σταθμός Διοδίων Καλαμάτας Μετωπικά (Προς Κόρινθο)','ΜΤ','Μεσσηνίας-Καλαμάτα','Α/Δ Μορέας',37.136750,22.038100,'info@moreas.com.gr',1.40,2.05,5.15,7.25),
('MO','moreas','MO13','Σταθμός Διοδίων Αρφαρών Πλευρικά (Από Κόρινθο)','ΠΛ','Μεσσηνίας-Αρφαρά','Α/Δ Μορέας',37.152460,22.026100,'info@moreas.com.gr',0.50,0.80,2.05,2.85),
('MO','moreas','MO14','Σταθμός Διοδίων Αρφαρών Πλευρικά (Προς Κόρινθο)','ΠΛ','Μεσσηνίας-Αρφαρά','Α/Δ Μορέας',37.153490,22.025650,'info@moreas.com.gr',0.50,0.80,2.05,2.85),
('MO','moreas','MO15','Σταθμός Διοδίων Θουρίας Πλευρικά (Από Καλαμάτα)','ΠΛ','Μεσσηνίας-Θουρία','Α/Δ Μορέας',37.071920,22.048080,'info@moreas.com.gr',0.30,0.50,1.30,1.85),
('MO','moreas','MO16','Σταθμός Διοδίων Θουρίας Πλευρικά (Προς Καλαμάτα)','ΠΛ','Μεσσηνίας-Θουρία','Α/Δ Μορέας',37.071620,22.047310,'info@moreas.com.gr',0.30,0.50,1.30,1.85),
('MO','moreas','MO17','Σταθμός Διοδίων Παραδείσιων Πλευρικά (Από Καλαμάτα)','ΠΛ','Μεσσηνίας-Παραδείσια','Α/Δ Μορέας',37.330670,22.078450,'info@moreas.com.gr',0.50,0.80,2.05,2.90),
('MO','moreas','MO18','Σταθμός Διοδίων Παραδείσιων Πλευρικά (Προς Καλαμάτα)','ΠΛ','Μεσσηνίας-Παραδείσια','Α/Δ Μορέας',37.331790,22.077780,'info@moreas.com.gr',0.50,0.80,2.05,2.90),
('NAO','naodos','NAO01','Σταθμός Διοδίων Αγίας Παρασκευής Πλευρικά (Προς Καρέα)','ΜΤ','Αττικής-Αγία Παρασκευή','Περιφ. Υμηττού',38.008120,23.836680,'customercare@attikesdiadromes.gr',1.25,2.50,6.25,10.00),
('NAO','naodos','NAO02','Σταθμός Διοδίων Αγίας Παρασκευής Πλευρικά (Προς Παλλήνη)','ΜΤ','Αττικής-Αγία Παρασκευή','Περιφ. Υμηττού',38.009100,23.842110,'customercare@attikesdiadromes.gr',1.25,2.50,6.25,10.00),
('NAO','naodos','NAO03','Σταθμός Διοδίων Δημόκριτου Πλευρικά (Προς Παλλήνη)','ΜΤ','Αττικής-Αγία Παρασκευή','Περιφ. Υμηττού',37.999580,23.821200,'customercare@attikesdiadromes.gr',1.25,2.50,6.25,10.00),
('NAO','naodos','NAO04','Σταθμός Διοδίων Ανθούσας Πλευρικά (Προς Ελευσίνα)','ΜΤ','Αττικής-Ανθούσα','Αττική Οδός',38.016880,23.866060,'customercare@attikesdiadromes.gr',1.25,2.50,6.25,10.00),
('NAO','naodos','NAO05','Σταθμός Διοδίων Περιφεριακής Αιγάλεω Πλευρικά (Προς Αεροδρόμιο)','ΜΤ','Αττικής-Άνω Λιόσια','Αττική Οδός',38.075650,23.676350,'customercare@attikesdiadromes.gr',1.25,2.50,6.25,10.00),
('NAO','naodos','NAO06','Σταθμός Διοδίων Περιφεριακής Αιγάλεω Πλευρικά (Προς Ελευσίνα)','ΜΤ','Αττικής-Άνω Λιόσια','Αττική Οδός',38.080090,23.678560,'customercare@attikesdiadromes.gr',1.25,2.50,6.25,10.00),
('NAO','naodos','NAO07','Σταθμός Διοδίων Ασπροπύργου Πλευρικά (Προς Αεροδρόμιο)','ΜΤ','Αττικής-Ασπρόπυργος','Αττική Οδός',38.089190,23.622200,'customercare@attikesdiadromes.gr',1.25,2.50,6.25,10.00),
('NAO','naodos','NAO08','Σταθμός Διοδίων Ασπροπύργου Πλευρικά (Προς Ελευσίνα)','ΜΤ','Αττικής-Ασπρόπυργος','Αττική Οδός',38.090400,23.619940,'customercare@attikesdiadromes.gr',1.25,2.50,6.25,10.00),
('NAO','naodos','NAO09','Σταθμός Διοδίων Λεωφ. Δουκίσσης Πλακεντίας Πλευρικά (Προς Αεροδρόμιο)','ΜΤ','Αττικής-Βριλήσσια','Αττική Οδός',38.024010,23.834730,'customercare@attikesdiadromes.gr',1.25,2.50,6.25,10.00),
('NAO','naodos','NAO10','Σταθμός Διοδίων Λεωφ. Δουκίσσης Πλακεντίας Πλευρικά (Προς Ελευσίνα)','ΜΤ','Αττικής-Βριλήσσια','Αττική Οδός',38.025170,23.833930,'customercare@attikesdiadromes.gr',1.25,2.50,6.25,10.00),
('NAO','naodos','NAO11','Σταθμός Διοδίων Λεωφ. Δουκίσσης Πλακεντίας Πλευρικά (Προς Καρέα)','ΜΤ','Αττικής-Βριλήσσια','Περιφ. Υμηττού',38.019350,23.837670,'customercare@attikesdiadromes.gr',1.25,2.50,6.25,10.00),
('NAO','naodos','NAO12','Σταθμός Διοδίων Λεωφ. Πεντέλης Πλευρικά (Προς Αεροδρόμιο)','ΜΤ','Αττικής-Βριλήσσια','Αττική Οδός',38.027030,23.829150,'customercare@attikesdiadromes.gr',1.25,2.50,6.25,10.00),
('NAO','naodos','NAO13','Σταθμός Διοδίων Λεωφ. Πεντέλης Πλευρικά (Προς Ελευσίνα)','ΜΤ','Αττικής-Βριλήσσια','Αττική Οδός',38.034270,23.821640,'customercare@attikesdiadromes.gr',1.25,2.50,6.25,10.00),
('NAO','naodos','NAO14','Σταθμός Διοδίων Γλυκών Νερών Πλευρικά (Προς Καρέα)','ΜΤ','Αττικής-Γλυκά Νερά','Περιφ. Υμηττού',37.997530,23.849440,'customercare@attikesdiadromes.gr',1.25,2.50,6.25,10.00),
('NAO','naodos','NAO15','Σταθμός Διοδίων Γλυκών Νερών Πλευρικά (Προς Παλλήνη)','ΜΤ','Αττικής-Γλυκά Νερά','Περιφ. Υμηττού',37.997100,23.851160,'customercare@attikesdiadromes.gr',1.25,2.50,6.25,10.00),
('NAO','naodos','NAO16','Σταθμός Διοδίων Λεωφ. Δημοκρατίας Πλευρικά (Προς Αεροδρόμιο)','ΜΤ','Αττικής-Ζεφύρι','Αττική Οδός',38.066070,23.734270,'customercare@attikesdiadromes.gr',1.25,2.50,6.25,10.00),
('NAO','naodos','NAO17','Σταθμός Διοδίων Λεωφ. Δημοκρατίας Πλευρικά (Προς Ελευσίνα)','ΜΤ','Αττικής-Ζεφύρι','Αττική Οδός',38.067410,23.731610,'customercare@attikesdiadromes.gr',1.25,2.50,6.25,10.00),
('NAO','naodos','NAO18','Σταθμός Διοδίων Λεωφ. Ηρακλείου Πλευρικά (Προς Αεροδρόμιο)','ΜΤ','Αττικής-Ηράκλειο','Αττική Οδός',38.056410,23.772340,'customercare@attikesdiadromes.gr',1.25,2.50,6.25,10.00),
('NAO','naodos','NAO19','Σταθμός Διοδίων Λεωφ. Ηρακλείου Πλευρικά (Προς Ελευσίνα)','ΜΤ','Αττικής-Ηράκλειο','Αττική Οδός',38.058590,23.768840,'customercare@attikesdiadromes.gr',1.25,2.50,6.25,10.00),
('NAO','naodos','NAO20','Σταθμός Διοδίων Λεωφ. Κύμης Πλευρικά (Προς Αεροδρόμιο)','ΜΤ','Αττικής-Ηράκλειο','Αττική Οδός',38.048380,23.785610,'customercare@attikesdiadromes.gr',1.25,2.50,6.25,10.00),
('NAO','naodos','NAO21','Σταθμός Διοδίων Λεωφ. Κύμης Πλευρικά (Προς Ελευσίνα)','ΜΤ','Αττικής-Ηράκλειο','Αττική Οδός',38.052370,23.781470,'customercare@attikesdiadromes.gr',1.25,2.50,6.25,10.00),
('NAO','naodos','NAO22','Σταθμός Διοδίων Λεωφ. Φυλής Πλευρικά (Προς Αεροδρόμιο)','ΜΤ','Αττικής-Καματερό','Αττική Οδός',38.070180,23.711470,'customercare@attikesdiadromes.gr',1.25,2.50,6.25,10.00),
('NAO','naodos','NAO23','Σταθμός Διοδίων Λεωφ. Φυλής Πλευρικά (Προς Ελευσίνα)','ΜΤ','Αττικής-Καματερό','Αττική Οδός',38.071380,23.708320,'customercare@attikesdiadromes.gr',1.25,2.50,6.25,10.00),
('NAO','naodos','NAO24','Σταθμός Διοδίων Κορωπίου Μετωπικά (Προς Ελευσίνα)','ΜΤ','Αττικής-Κορωπί','Αττική Οδός',37.938510,23.886830,'customercare@attikesdiadromes.gr',1.25,2.50,6.25,10.00),
('NAO','naodos','NAO25','Σταθμός Διοδίων Λεωφ. Κηφισίας Πλευρικά (Προς Αεροδρόμιο)','ΜΤ','Αττικής-Μαρούσι','Αττική Οδός',38.041230,23.805300,'customercare@attikesdiadromes.gr',1.25,2.50,6.25,10.00),
('NAO','naodos','NAO26','Σταθμός Διοδίων Λεωφ. Κηφισίας Πλευρικά (Προς Ελευσίνα)','ΜΤ','Αττικής-Μαρούσι','Αττική Οδός',38.043660,23.799310,'customercare@attikesdiadromes.gr',1.25,2.50,6.25,10.00),
('NAO','naodos','NAO27','Σταθμός Διοδίων Αθηνών-Λαμίας Πλευρικά (Από Αθήνα Προς Αεροδρόμιο)','ΜΤ','Αττικής-Μεταμόρφωση','Αττική Οδός',38.060860,23.750500,'customercare@attikesdiadromes.gr',1.25,2.50,6.25,10.00),
('NAO','naodos','NAO28','Σταθμός Διοδίων Αθηνών-Λαμίας Πλευρικά (Από Αθήνα Προς Ελευσίνα)','ΜΤ','Αττικής-Μεταμόρφωση','Αττική Οδός',38.062850,23.748660,'customercare@attikesdiadromes.gr',1.25,2.50,6.25,10.00),
('NAO','naodos','NAO29','Σταθμός Διοδίων Αθηνών-Λαμίας Πλευρικά (Από Λαμία Προς Αεροδρόμιο)','ΜΤ','Αττικής-Μεταμόρφωση','Αττική Οδός',38.061200,23.750440,'customercare@attikesdiadromes.gr',1.25,2.50,6.25,10.00),
('NAO','naodos','NAO30','Σταθμός Διοδίων Αθηνών-Λαμίας Πλευρικά (Από Λαμία Προς Ελευσίνα)','ΜΤ','Αττικής-Μεταμόρφωση','Αττική Οδός',38.063150,23.748730,'customercare@attikesdiadromes.gr',1.25,2.50,6.25,10.00),
('NAO','naodos','NAO31','Σταθμός Διοδίων Παιανίας Πλευρικά (Προς Αεροδρόμιο)','ΜΤ','Αττικής-Παιανία','Αττική Οδός',37.953410,23.885730,'customercare@attikesdiadromes.gr',1.25,2.50,6.25,10.00),
('NAO','naodos','NAO32','Σταθμός Διοδίων Παιανίας Πλευρικά (Προς Ελευσίνα)','ΜΤ','Αττικής-Παιανία','Αττική Οδός',37.957310,23.886720,'customercare@attikesdiadromes.gr',1.25,2.50,6.25,10.00),
('NAO','naodos','NAO33','Σταθμός Διοδίων Λεωφ. Μαραθώνος Πλευρικά (Προς Αεροδρόμιο)','ΜΤ','Αττικής-Παλλήνη','Αττική Οδός',38.004310,23.869710,'customercare@attikesdiadromes.gr',1.25,2.50,6.25,10.00),
('NAO','naodos','NAO34','Σταθμός Διοδίων Λεωφ. Μαραθώνος Πλευρικά (Προς Ελευσίνα)','ΜΤ','Αττικής-Παλλήνη','Αττική Οδός',38.008050,23.869180,'customercare@attikesdiadromes.gr',1.25,2.50,6.25,10.00),
('NAO','naodos','NAO35','Σταθμός Διοδίων Παλλήνης Πλευρικά (Προς Καρέα)','ΜΤ','Αττικής-Παλλήνη','Περιφ. Υμηττού',37.993970,23.887360,'customercare@attikesdiadromes.gr',1.25,2.50,6.25,10.00),
('NAO','naodos','NAO36','Σταθμός Διοδίων Κατεχάκη Μετωπικά (Προς Παλλήνη)','ΜΤ','Αττικής-Παπάγος','Περιφ. Υμηττού',37.977200,23.800100,'customercare@attikesdiadromes.gr',1.25,2.50,6.25,10.00),
('NAO','naodos','NAO37','Σταθμός Διοδίων Παπάγου Πλευρικά (Προς Καρέα)','ΜΤ','Αττικής-Παπάγος','Περιφ. Υμηττού',37.985650,23.809990,'customercare@attikesdiadromes.gr',1.25,2.50,6.25,10.00),
('NAO','naodos','NAO38','Σταθμός Διοδίων Παπάγου Πλευρικά (Προς Παλλήνη)','ΜΤ','Αττικής-Παπάγος','Περιφ. Υμηττού',37.985590,23.812500,'customercare@attikesdiadromes.gr',1.25,2.50,6.25,10.00),
('NAO','naodos','NAO39','Σταθμός Διοδίων Ρουπακίου Μετωπικά (Προς Αεροδρόμιο)','ΜΤ','Αττικής-Ρουπάκι','Αττική Οδός',38.093890,23.590990,'customercare@attikesdiadromes.gr',1.25,2.50,6.25,10.00),
('NAO','naodos','NAO40','Σταθμός Διοδίων Κάντζας Πλευρικά (Προς Αεροδρόμιο)','ΜΤ','Αττικής-Σπάτα-Κάντζα','Αττική Οδός',37.980030,23.869900,'customercare@attikesdiadromes.gr',1.25,2.50,6.25,10.00),
('NAO','naodos','NAO41','Σταθμός Διοδίων Κάντζας Πλευρικά (Προς Ελευσίνα)','ΜΤ','Αττικής-Σπάτα-Κάντζα','Αττική Οδός',37.982290,23.870470,'customercare@attikesdiadromes.gr',1.25,2.50,6.25,10.00),
('NO','neaodos','NO01','Σταθμός Διοδίων Αγγελόκαστρου Μετωπικά (Προς Ιωάννινα)','ΜΤ','Αιτωλοακαρνανίας-Αγγελόκαστρο','Α/Δ Αντιρρίου-Ιωαννίνων',38.549350,21.272410,'info@neaodos.gr',2.70,3.85,9.60,13.50),
('NO','neaodos','NO02','Σταθμός Διοδίων Αγγελόκαστρου Μετωπικά (Προς Ρίο)','ΜΤ','Αιτωλοακαρνανίας-Αγγελόκαστρο','Α/Δ Αντιρρίου-Ιωαννίνων',38.549470,21.272100,'info@neaodos.gr',2.70,3.85,9.60,13.50),
('NO','neaodos','NO03','Σταθμός Διοδίων Κλόκοβας Μετωπικά (Προς Ιωάννινα)','ΜΤ','Αιτωλοακαρνανίας-Γαβρολίμνη','Α/Δ Αντιρρίου-Ιωαννίνων',38.359290,21.656850,'info@neaodos.gr',2.25,3.25,8.20,11.45),
('NO','neaodos','NO04','Σταθμός Διοδίων Κλόκοβας Μετωπικά (Προς Ρίο)','ΜΤ','Αιτωλοακαρνανίας-Γαβρολίμνη','Α/Δ Αντιρρίου-Ιωαννίνων',38.359210,21.656400,'info@neaodos.gr',2.25,3.25,8.20,11.45),
('NO','neaodos','NO05','Σταθμός Διοδίων Μενιδίου Μετωπικά (Προς Ιωάννινα)','ΜΤ','Αιτωλοακαρνανίας-Μενίδι','Α/Δ Αντιρρίου-Ιωαννίνων',38.989820,21.171020,'info@neaodos.gr',2.30,3.25,8.20,11.50),
('NO','neaodos','NO06','Σταθμός Διοδίων Μενιδίου Μετωπικά (Προς Ρίο)','ΜΤ','Αιτωλοακαρνανίας-Μενίδι','Α/Δ Αντιρρίου-Ιωαννίνων',38.989990,21.170730,'info@neaodos.gr',2.30,3.25,8.20,11.50),
('NO','neaodos','NO07','Σταθμός Διοδίων Αφιδνών Μετωπικά (Προς Αθήνα)','ΜΤ','Αττικής-Αφίδνες','Α/Δ Αθηνών-Θεσσαλονίκης',38.176500,23.853880,'info@neaodos.gr',2.50,3.55,8.95,12.55),
('NO','neaodos','NO08','Σταθμός Διοδίων Αφιδνών Μετωπικά (Προς Θεσσαλονίκη)','ΜΤ','Αττικής-Αφίδνες','Α/Δ Αθηνών-Θεσσαλονίκης',38.176340,23.854440,'info@neaodos.gr',2.50,3.55,8.95,12.55),
('NO','neaodos','NO09','Σταθμός Διοδίων Θήβας Μετωπικά (Προς Αθήνα)','ΜΤ','Βοιωτίας-Θήβα','Α/Δ Αθηνών-Θεσσαλονίκης',38.370820,23.286770,'info@neaodos.gr',2.90,4.20,10.50,14.70),
('NO','neaodos','NO10','Σταθμός Διοδίων Θήβας Μετωπικά (Προς Θεσσαλονίκη)','ΜΤ','Βοιωτίας-Θήβα','Α/Δ Αθηνών-Θεσσαλονίκης',38.370900,23.287040,'info@neaodos.gr',2.90,4.20,10.50,14.70),
('NO','neaodos','NO11','Σταθμός Διοδίων Τερόβου Μετωπικά (Προς Ιωάννινα)','ΜΤ','Ιωαννίνων-Τέροβο','Α/Δ Αντιρρίου-Ιωαννίνων',39.425390,20.905330,'info@neaodos.gr',2.35,3.35,8.45,11.85),
('NO','neaodos','NO12','Σταθμός Διοδίων Τερόβου Μετωπικά (Προς Ρίο)','ΜΤ','Ιωαννίνων-Τέροβο','Α/Δ Αντιρρίου-Ιωαννίνων',39.425590,20.905090,'info@neaodos.gr',2.35,3.35,8.45,11.85),
('NO','neaodos','NO13','Σταθμός Διοδίων Τραγάνας Μετωπικά (Προς Αθήνα)','ΜΤ','Φθιώτιδος-Τραγάνα','Α/Δ Αθηνών-Θεσσαλονίκης',38.617500,23.143350,'info@neaodos.gr',2.90,4.15,10.45,14.60),
('NO','neaodos','NO14','Σταθμός Διοδίων Τραγάνας Μετωπικά (Προς Θεσσαλονίκη)','ΜΤ','Φθιώτιδος-Τραγάνα','Α/Δ Αθηνών-Θεσσαλονίκης',38.617720,23.143840,'info@neaodos.gr',2.90,4.15,10.45,14.60),
('NO','neaodos','NO15','Σταθμός Διοδίων Γαβρολίμνης Πλευρικά (Από Ιωάννινα)','ΠΛ','Αιτωλοακαρνανίας-Γαβρολίμνη','Α/Δ Αντιρρίου-Ιωαννίνων',38.373410,21.624840,'info@neaodos.gr',1.60,2.30,5.80,8.10),
('NO','neaodos','NO16','Σταθμός Διοδίων Γαβρολίμνης Πλευρικά (Προς Ιωάννινα)','ΠΛ','Αιτωλοακαρνανίας-Γαβρολίμνη','Α/Δ Αντιρρίου-Ιωαννίνων',38.374190,21.625100,'info@neaodos.gr',1.60,2.30,5.80,8.10),
('NO','neaodos','NO17','Σταθμός Διοδίων Μεσολογγίου Πλευρικά (Από Ιωάννινα)','ΠΛ','Αιτωλοακαρνανίας-Ζέστη','Α/Δ Αντιρρίου-Ιωαννίνων',38.379530,21.495300,'info@neaodos.gr',0.95,1.35,3.45,4.80),
('NO','neaodos','NO18','Σταθμός Διοδίων Μεσολογγίου Πλευρικά (Προς Ιωάννινα)','ΠΛ','Αιτωλοακαρνανίας-Ζέστη','Α/Δ Αντιρρίου-Ιωαννίνων',38.379350,21.494960,'info@neaodos.gr',0.95,1.35,3.45,4.80),
('NO','neaodos','NO19','Σταθμός Διοδίων Κουβαρά Πλευρικά (Από Ιωάννινα)','ΠΛ','Αιτωλοακαρνανίας-Φυτείες','Α/Δ Αντιρρίου-Ιωαννίνων',38.699410,21.214080,'info@neaodos.gr',1.25,1.75,4.45,6.25),
('NO','neaodos','NO20','Σταθμός Διοδίων Κουβαρά Πλευρικά (Προς Ιωάννινα)','ΠΛ','Αιτωλοακαρνανίας-Φυτείες','Α/Δ Αντιρρίου-Ιωαννίνων',38.700320,21.215730,'info@neaodos.gr',1.25,1.75,4.45,6.25),
('NO','neaodos','NO21','Σταθμός Διοδίων Άρτας Πλευρικά (Από Ιωάννινα)','ΠΛ','Άρτας-Άγιος Δημήτριος','Α/Δ Αντιρρίου-Ιωαννίνων',39.160370,21.010870,'info@neaodos.gr',0.55,0.80,2.10,2.90),
('NO','neaodos','NO22','Σταθμός Διοδίων Άρτας Πλευρικά (Προς Ιωάννινα)','ΠΛ','Άρτας-Άγιος Δημήτριος','Α/Δ Αντιρρίου-Ιωαννίνων',39.160640,21.012170,'info@neaodos.gr',0.55,0.80,2.10,2.90),
('NO','neaodos','NO23','Σταθμός Διοδίων Καπανδριτίου Πλευρικά (Από Θεσσαλονίκη)','ΠΛ','Αττικής-Καπανδρίτι','Α/Δ Αθηνών-Θεσσαλονίκης',38.202620,23.853960,'info@neaodos.gr',1.50,2.15,5.40,7.60),
('NO','neaodos','NO24','Σταθμός Διοδίων Καπανδριτίου Πλευρικά (Προς Θεσσαλονίκη)','ΠΛ','Αττικής-Καπανδρίτι','Α/Δ Αθηνών-Θεσσαλονίκης',38.202750,23.854770,'info@neaodos.gr',1.50,2.15,5.40,7.60),
('NO','neaodos','NO25','Σταθμός Διοδίων Μαλακάσας Πλευρικά (Από Θεσσαλονίκη)','ΠΛ','Αττικής-Μαλακάσα','Α/Δ Αθηνών-Θεσσαλονίκης',38.237530,23.780530,'info@neaodos.gr',1.05,1.55,3.85,5.40),
('NO','neaodos','NO26','Σταθμός Διοδίων Μαλακάσας Πλευρικά (Προς Θεσσαλονίκη)','ΠΛ','Αττικής-Μαλακάσα','Α/Δ Αθηνών-Θεσσαλονίκης',38.236330,23.786000,'info@neaodos.gr',1.05,1.55,3.85,5.40),
('NO','neaodos','NO27','Σταθμός Διοδίων Θήβας Πλευρικά (Από Θεσσαλονίκη)','ΠΛ','Βοιωτίας-Θήβα','Α/Δ Αθηνών-Θεσσαλονίκης',38.366210,23.324670,'info@neaodos.gr',1.15,1.65,4.15,5.80),
('NO','neaodos','NO28','Σταθμός Διοδίων Θήβας Πλευρικά (Προς Θεσσαλονίκη)','ΠΛ','Βοιωτίας-Θήβα','Α/Δ Αθηνών-Θεσσαλονίκης',38.364030,23.322080,'info@neaodos.gr',1.15,1.65,4.15,5.80),
('NO','neaodos','NO29','Σταθμός Διοδίων Οινοφύτων Πλευρικά (Από Θεσσαλονίκη)','ΠΛ','Βοιωτίας-Οινόφυτα','Α/Δ Αθηνών-Θεσσαλονίκης',38.289250,23.675910,'info@neaodos.gr',0.50,0.70,1.80,2.55),
('NO','neaodos','NO30','Σταθμός Διοδίων Οινοφύτων Πλευρικά (Προς Θεσσαλονίκη)','ΠΛ','Βοιωτίας-Οινόφυτα','Α/Δ Αθηνών-Θεσσαλονίκης',38.292190,23.674770,'info@neaodos.gr',0.50,0.70,1.80,2.55),
('NO','neaodos','NO31','Σταθμός Διοδίων Γοργόμυλου Πλευρικά (Από Ρίο)','ΠΛ','Πρέβεζας-Γοργόμυλος','Α/Δ Αντιρρίου-Ιωαννίνων',39.331700,20.915590,'info@neaodos.gr',0.75,1.10,2.75,3.90),
('NO','neaodos','NO32','Σταθμός Διοδίων Γοργόμυλου Πλευρικά (Προς Ρίο)','ΠΛ','Πρέβεζας-Γοργόμυλος','Α/Δ Αντιρρίου-Ιωαννίνων',39.331990,20.914150,'info@neaodos.gr',0.75,1.10,2.75,3.90),
('NO','neaodos','NO33','Σταθμός Διοδίων Τραγάνας Πλευρικά (Από Θεσσαλονίκη)','ΠΛ','Φθιώτιδος-Τραγάνα','Α/Δ Αθηνών-Θεσσαλονίκης',38.621990,23.123570,'info@neaodos.gr',2.35,3.35,8.35,11.75),
('NO','neaodos','NO34','Σταθμός Διοδίων Τραγάνας Πλευρικά (Προς Θεσσαλονίκη)','ΠΛ','Φθιώτιδος-Τραγάνα','Α/Δ Αθηνών-Θεσσαλονίκης',38.622530,23.123810,'info@neaodos.gr',2.35,3.35,8.35,11.75),
('OO','olympiaodos','OO01','Σταθμός Διοδίων Ελευσίνας Μετωπικά (Προς Αθήνα)','ΜΤ','Αττικής-Ελευσίνα','Α/Δ Αθηνών-Κορίνθου',38.041990,23.496130,'customercare@olympiaoperation.gr',1.60,2.30,5.80,8.10),
('OO','olympiaodos','OO02','Σταθμός Διοδίων Ελευσίνας Μετωπικά (Προς Πάτρα)','ΜΤ','Αττικής-Ελευσίνα','Α/Δ Αθηνών-Κορίνθου',38.042500,23.495450,'customercare@olympiaoperation.gr',1.60,2.30,5.80,8.10),
('OO','olympiaodos','OO03','Σταθμός Διοδίων Ρίου Μετωπικά (Προς Αθήνα)','ΜΤ','Αχαΐας-Άγιος Βασίλειος','Α/Δ Κορίνθου-Πατρών',38.316240,21.830380,'customercare@olympiaoperation.gr',1.70,2.40,6.20,8.70),
('OO','olympiaodos','OO04','Σταθμός Διοδίων Ρίου Μετωπικά (Προς Πάτρα)','ΜΤ','Αχαΐας-Άγιος Βασίλειος','Α/Δ Κορίνθου-Πατρών',38.316630,21.829950,'customercare@olympiaoperation.gr',1.70,2.40,6.20,8.70),
('OO','olympiaodos','OO05','Σταθμός Διοδίων Ελαιώνα Μετωπικά (Προς Αθήνα)','ΜΤ','Αχαΐας-Ελαιώνας','Α/Δ Κορίνθου-Πατρών',38.190480,22.165260,'customercare@olympiaoperation.gr',2.40,3.50,8.90,12.40),
('OO','olympiaodos','OO06','Σταθμός Διοδίων Ελαιώνα Μετωπικά (Προς Πάτρα)','ΜΤ','Αχαΐας-Ελαιώνας','Α/Δ Κορίνθου-Πατρών',38.190920,22.165600,'customercare@olympiaoperation.gr',2.40,3.50,8.90,12.40),
('OO','olympiaodos','OO07','Σταθμός Διοδίων Ισθμίων Μετωπικά (Προς Αθήνα)','ΜΤ','Κορινθίας-Ίσθμια','Α/Δ Αθηνών-Κορίνθου',37.924810,23.032080,'customercare@olympiaoperation.gr',1.30,1.90,4.90,6.90),
('OO','olympiaodos','OO08','Σταθμός Διοδίων Ισθμίων Μετωπικά (Προς Πάτρα)','ΜΤ','Κορινθίας-Ίσθμια','Α/Δ Αθηνών-Κορίνθου',37.925350,23.032740,'customercare@olympiaoperation.gr',1.30,1.90,4.90,6.90),
('OO','olympiaodos','OO09','Σταθμός Διοδίων Κιάτου Μετωπικά (Προς Αθήνα)','ΜΤ','Κορινθίας-Κιάτο','Α/Δ Κορίνθου-Πατρών',37.996920,22.735170,'customercare@olympiaoperation.gr',1.70,2.50,6.20,8.80),
('OO','olympiaodos','OO10','Σταθμός Διοδίων Κιάτου Μετωπικά (Προς Πάτρα)','ΜΤ','Κορινθίας-Κιάτο','Α/Δ Κορίνθου-Πατρών',37.996510,22.735650,'customercare@olympiaoperation.gr',1.70,2.50,6.20,8.80),
('OO','olympiaodos','OO11','Σταθμός Διοδίων Νέας Περάμου Πλευρικά (Από Πάτρα)','ΠΛ','Αττικής-Νέα Πέραμος','Α/Δ Αθηνών-Κορίνθου',38.019880,23.428430,'customercare@olympiaoperation.gr',1.10,1.50,3.90,5.50),
('OO','olympiaodos','OO12','Σταθμός Διοδίων Νέας Περάμου Πλευρικά (Προς Πάτρα)','ΠΛ','Αττικής-Νέα Πέραμος','Α/Δ Αθηνών-Κορίνθου',38.019700,23.426830,'customercare@olympiaoperation.gr',1.10,1.50,3.90,5.50),
('OO','olympiaodos','OO13','Σταθμός Διοδίων Πάχης Πλευρικά (Από Πάτρα)','ΠΛ','Αττικής-Πάχη','Α/Δ Αθηνών-Κορίνθου',37.985010,23.349870,'customercare@olympiaoperation.gr',0.70,1.00,2.50,3.50),
('OO','olympiaodos','OO14','Σταθμός Διοδίων Πάχης Πλευρικά (Προς Πάτρα)','ΠΛ','Αττικής-Πάχη','Α/Δ Αθηνών-Κορίνθου',37.985900,23.349100,'customercare@olympiaoperation.gr',0.70,1.00,2.50,3.50),
('OO','olympiaodos','OO15','Σταθμός Διοδίων Δρεπάνου Πλευρικά (Από Αθήνα)','ΠΛ','Αχαΐας-Δρέπανο','Α/Δ Κορίνθου-Πατρών',38.324960,21.858000,'customercare@olympiaoperation.gr',1.30,1.80,4.70,6.60),
('OO','olympiaodos','OO16','Σταθμός Διοδίων Δρεπάνου Πλευρικά (Προς Αθήνα)','ΠΛ','Αχαΐας-Δρέπανο','Α/Δ Κορίνθου-Πατρών',38.325130,21.858150,'customercare@olympiaoperation.gr',1.30,1.80,4.70,6.60),
('OO','olympiaodos','OO17','Σταθμός Διοδίων Ακράτας Πλευρικά (Από Αθήνα)','ΠΛ','Αχαΐας-Κράθιο','Α/Δ Κορίνθου-Πατρών',38.156550,22.342850,'customercare@olympiaoperation.gr',1.30,1.90,4.70,6.70),
('OO','olympiaodos','OO18','Σταθμός Διοδίων Ακράτας Πλευρικά (Προς Αθήνα)','ΠΛ','Αχαΐας-Κράθιο','Α/Δ Κορίνθου-Πατρών',38.157150,22.342360,'customercare@olympiaoperation.gr',1.30,1.90,4.70,6.70),
('OO','olympiaodos','OO19','Σταθμός Διοδίων Καλαβρύτων Πλευρικά (Από Αθήνα)','ΠΛ','Αχαΐας-Τράπεζα','Α/Δ Κορίνθου-Πατρών',38.174750,22.239380,'customercare@olympiaoperation.gr',1.80,2.60,6.50,9.10),
('OO','olympiaodos','OO20','Σταθμός Διοδίων Καλαβρύτων Πλευρικά (Προς Αθήνα)','ΠΛ','Αχαΐας-Τράπεζα','Α/Δ Κορίνθου-Πατρών',38.174610,22.239610,'customercare@olympiaoperation.gr',1.80,2.60,6.50,9.10),
('OO','olympiaodos','OO21','Σταθμός Διοδίων Αγίων Θεοδώρων Πλευρικά (Από Αθήνα)','ΠΛ','Κορινθίας-Άγιοι Θεόδωροι','Α/Δ Αθηνών-Κορίνθου',37.922070,23.118960,'customercare@olympiaoperation.gr',0.40,0.60,1.50,2.10),
('OO','olympiaodos','OO22','Σταθμός Διοδίων Αγίων Θεοδώρων Πλευρικά (Προς Αθήνα)','ΠΛ','Κορινθίας-Άγιοι Θεόδωροι','Α/Δ Αθηνών-Κορίνθου',37.921940,23.119670,'customercare@olympiaoperation.gr',0.40,0.60,1.50,2.10),
('OO','olympiaodos','OO23','Σταθμός Διοδίων Δερβενίου Πλευρικά (Από Αθήνα)','ΠΛ','Κορινθίας-Δερβένι','Α/Δ Κορίνθου-Πατρών',38.131830,22.404920,'customercare@olympiaoperation.gr',1.00,1.40,3.60,5.10),
('OO','olympiaodos','OO24','Σταθμός Διοδίων Δερβενίου Πλευρικά (Προς Αθήνα)','ΠΛ','Κορινθίας-Δερβένι','Α/Δ Κορίνθου-Πατρών',38.131930,22.405250,'customercare@olympiaoperation.gr',1.00,1.40,3.60,5.10),
('OO','olympiaodos','OO25','Σταθμός Διοδίων Ζευγολατιού Πλευρικά (Από Αθήνα)','ΠΛ','Κορινθίας-Ζευγολατιό','Α/Δ Κορίνθου-Πατρών',37.931430,22.788150,'customercare@olympiaoperation.gr',0.50,0.80,2.00,2.90),
('OO','olympiaodos','OO26','Σταθμός Διοδίων Ζευγολατιού Πλευρικά (Προς Αθήνα)','ΠΛ','Κορινθίας-Ζευγολατιό','Α/Δ Κορίνθου-Πατρών',37.931280,22.787860,'customercare@olympiaoperation.gr',0.50,0.80,2.00,2.90),
('OO','olympiaodos','OO27','Σταθμός Διοδίων Κιάτου Πλευρικά (Από Πάτρα)','ΠΛ','Κορινθίας-Κιάτο','Α/Δ Κορίνθου-Πατρών',38.007830,22.733260,'customercare@olympiaoperation.gr',0.60,0.90,2.40,3.30),
('OO','olympiaodos','OO28','Σταθμός Διοδίων Κιάτου Πλευρικά (Προς Πάτρα)','ΠΛ','Κορινθίας-Κιάτο','Α/Δ Κορίνθου-Πατρών',38.007830,22.733540,'customercare@olympiaoperation.gr',0.60,0.90,2.40,3.30);
/*!40000 ALTER TABLE `tollStations` ENABLE KEYS */;
UNLOCK TABLES;

--
-- Table structure for table `users`
--

DROP TABLE IF EXISTS `users`;
/*!40101 SET @saved_cs_client     = @@character_set_client */;
/*!40101 SET character_set_client = utf8 */;
CREATE TABLE `users` (
  `userId` int(11) NOT NULL AUTO_INCREMENT,
  `username` varchar(50) NOT NULL,
  `password` varchar(255) NOT NULL,
  `access_level` enum('tollCompany','privilegedUser','admin') DEFAULT NULL,
  UNIQUE KEY `userId` (`userId`),
  UNIQUE KEY `username` (`username`)
) ENGINE=InnoDB AUTO_INCREMENT=3 DEFAULT CHARSET=latin1 COLLATE=latin1_swedish_ci;
/*!40101 SET character_set_client = @saved_cs_client */;

--
-- Dumping data for table `users`
--

LOCK TABLES `users` WRITE;
/*!40000 ALTER TABLE `users` DISABLE KEYS */;
INSERT INTO `users` VALUES
(1,'admin','$2b$10$t.Y6EswEgKrg36xkaNIkUeaW2ULV3LlQRPe9wW1/jkLzEAM1ropiq','admin'),
(2,'olympia','$2b$10$GqX/bBcrvsxps6cIWhN2d.Ctuu0nr.Hj58tg/mMUEn.VtcQPpLhPy','tollCompany');
/*!40000 ALTER TABLE `users` ENABLE KEYS */;
UNLOCK TABLES;
/*!40103 SET TIME_ZONE=@OLD_TIME_ZONE */;

/*!40101 SET SQL_MODE=@OLD_SQL_MODE */;
/*!40014 SET FOREIGN_KEY_CHECKS=@OLD_FOREIGN_KEY_CHECKS */;
/*!40014 SET UNIQUE_CHECKS=@OLD_UNIQUE_CHECKS */;
/*!40101 SET CHARACTER_SET_CLIENT=@OLD_CHARACTER_SET_CLIENT */;
/*!40101 SET CHARACTER_SET_RESULTS=@OLD_CHARACTER_SET_RESULTS */;
/*!40101 SET COLLATION_CONNECTION=@OLD_COLLATION_CONNECTION */;
/*!40111 SET SQL_NOTES=@OLD_SQL_NOTES */;

-- Dump completed on 2024-12-28 12:53:05
