{
    "answers": {
        "phase": "coding",
        "action": "source code authoring",
        "scope": "development environment",
        "action experience": 4,
        "language": "javascript",
        "other language": "n/a",
        "aimodel": "perplexity.ai",
        "aimodel version": "n/a",
        "open source aimodel": "n/a",
        "tool option": "online full",
        "experience with tool": 4,
        "time allocated (h)": "2",
        "time saved estimate (h)": "3",
        "quality of ai help": 5,
        "knowledge acquired": 5,
        "generic feeling - now": 5,
        "generic feeling - future": 5,
        "threat level": 1,
        "notes": "Learned about essential CLI development tools for Node.js such as Commander.js, Inquirer.js, Chalk, Yargs, and Node.js built-in modules for building command-line applications. The response helped clarify which tools are best suited for different aspects of CLI development."
    }
}
