{
    "answers": {
        "phase": "requirements specification",
        "action": "non-functional requirements",
        "scope": "data management",
        "action experience": 5,
        "language": "n/a",
        "other language": "<fill in>",
        "aimodel": "chatgpt",
        "aimodel version": "4.o",
        "open source aimodel": "<fill in>",
        "tool option": "online free",
        "experience with tool": 5,
        "time allocated (h)": "0.1",
        "time saved estimate (h)": "0.3", 
        "quality of ai help": 5,
        "knowledge acquired": 2,
        "generic feeling - now": 3,
        "generic feeling - future": 3,
        "threat level": 1,
        "notes": "n/a"
    }
}