{
    "answers": {
        "phase": "coding",
        "action": "source code authoring",
        "scope": "backend",
        "action experience": 3,
        "language": "sql",
        "other language": "n/a",
        "aimodel": "chatgpt",
        "aimodel version": "v4",
        "open source aimodel": "n/a",
        "tool option": "online full",
        "experience with tool": 3,
        "time allocated (h)": "0.5",
        "time saved estimate (h)": "2.0",
        "quality of ai help": 4,
        "knowledge acquired": 5,
        "generic feeling - now": 4,
        "generic feeling - future": 4,
        "threat level": 2,
        "notes": "Resolved issue with timestamp format mismatch during CSV import. Provided preprocessing steps in Python and SQL adjustments for compatibility."
    }
}
