{
    "answers": {
        "phase": "design",
        "action": "design decision",
        "scope": "backend",
        "action experience": 4,
        "language": "js-node",
        "other language": "n/a",
        "aimodel": "chatgpt",
        "aimodel version": "v4",
        "open source aimodel": "n/a",
        "tool option": "online full",
        "experience with tool": 4,
        "time allocated (h)": "0.2",
        "time saved estimate (h)": "1.0",
        "quality of ai help": 5,
        "knowledge acquired": 4,
        "generic feeling - now": 5,
        "generic feeling - future": 5,
        "threat level": 1,
        "notes": "Explained how to apply middleware to routes globally and within a router, providing clear examples for modular and scalable code design."
    }
}
