{
    "answers": {
        "phase": "testing",
        "action": "functional testing", 
        "scope": "api",
        "action experience": 1,
        "language": "n/a",
        "other language": "n/a",
        "aimodel": "chatgpt", 
        "aimodel version": "v4",
        "open source aimodel": "n/a",
        "tool option": "online full",
        "experience with tool": 4,
        "time allocated (h)": "0.2",
        "time saved estimate (h)": "1", 
        "quality of ai help": 4,
        "knowledge acquired": 4,
        "generic feeling - now": 4,
        "generic feeling - future": 5,
        "threat level": 1,
        "notes": ""
    }
}