{
    "answers": {
        "phase": "coding",
        "action": "data design",
        "scope": "data management",
        "action experience": 4,
        "language": "sql",
        "other language": "n/a",
        "aimodel": "chatgpt",
        "aimodel version": "v4",
        "open source aimodel": "n/a",
        "tool option": "online full",
        "experience with tool": 4,
        "time allocated (h)": "0.5",
        "time saved estimate (h)": "1.0",
        "quality of ai help": 5,
        "knowledge acquired": 4,
        "generic feeling - now": 4,
        "generic feeling - future": 5,
        "threat level": 1,
        "notes": "Helped understand different approaches to resetting a table while considering foreign key constraints. Provided alternatives that balance data integrity and efficiency."
    }
}
