{
    "answers": {
        "phase": "design",
        "action":  "design decision", 
        "scope":  "uml other", 
        "action experience": 4,
        "language": "n/a", 
        "other language": "n/a",
        "aimodel": "chatgpt",
        "aimodel version": "v4",
        "open source aimodel": "n/a",
        "tool option":  "online full",
        "experience with tool":  4,
        "time allocated (h)": "1.5",
        "time saved estimate (h)": "4", 
        "quality of ai help": 4,
        "knowledge acquired": 3,
        "generic feeling - now": 4, 
        "generic feeling - future": 4, 
        "threat level":  1, 
        "notes": ""
    }
}