{
    "answers": {
        "phase": "coding",
        "action": "source code authoring",
        "scope": "frontend",
        "action experience": 3,
        "language": "other",
        "other language": "html",
        "aimodel": "chatgpt",
        "aimodel version": "latest",
        "open source aimodel": "n/a",
        "tool option": "online free",
        "experience with tool": 4,
        "time allocated (h)": "5",
        "time saved estimate (h)": "2",
        "quality of ai help": 4,
        "knowledge acquired": 3,
        "generic feeling - now": 4,
        "generic feeling - future": 4,
        "threat level": 1,
        "notes": "Focused on creating responsive design with HTML and CSS. AI helped with layout adjustments and best practices for responsive design."
    }
}
