{
    "answers": {
        "phase": "coding", 
        "action": "source code authoring", 
        "scope": "backend",
        "action experience": 2,
        "language": "js-node",
        "other language": "n/a",
        "aimodel": "chatgpt",
        "aimodel version": "v4",
        "open source aimodel": "n/a",
        "tool option": "online full", 
        "experience with tool": 4,
        "time allocated (h)": "0.2",
        "time saved estimate (h)": "1", 
        "quality of ai help": 4,
        "knowledge acquired": 4,
        "generic feeling - now": 4,
        "generic feeling - future": 4,
        "threat level": 1,
        "notes": ""
    }
}